股票代码,文件,数据条数,开始日期,结束日期,策略_总收益率,策略_年化收益率,策略_最大回撤,策略_夏普比率,策略_交易次数,策略_胜率,策略_盈亏比,持有_总收益率,持有_年化收益率,持有_最大回撤,持有_夏普比率,超额收益,胜率优势,回撤改善,夏普提升
002714,df_pre_002714.csv,2425,2026-03-06,2016-03-11,3.5625882892544976,0.170856322235307,0.6419767803639786,0.584353863759552,18,0.2777777777777778,1.7292651024215462,8.272334355295298,0.26039855479359497,0.6373176028337404,0.7248853630016004,-4.7097460660408,-0.2222222222222222,-0.0046591775302382565,-0.14053149924204844
002466,df_pre_002466.csv,2425,2026-03-06,2016-03-11,2.0118265597277785,0.1213955402273521,0.7013243317308622,0.4348144811817148,14,0.42857142857142855,2.348494816242589,1.4848648359708174,0.09920548242903271,0.8172654948964957,0.4058952595171404,0.526961723756961,-0.07142857142857145,0.11594116316563352,0.02891922166457439
002202,df_pre_002202.csv,2425,2026-03-06,2016-03-11,1.7909258208304708,0.11255389827834894,0.5146243249713701,0.4317104062935556,15,0.26666666666666666,0.8828288906221785,2.2959761431249865,0.13195098534529248,0.6733728455370052,0.4577831998217375,-0.5050503222945157,-0.23333333333333334,0.15874852056563504,-0.02607279352818187
601225,df_pre_601225.csv,2425,2026-03-06,2016-03-11,1.461993216348426,0.09814973605269617,0.46348953649676283,0.39947647870024106,16,0.375,1.8945907857980893,8.56909281970176,0.264531531926804,0.331202556931682,0.7830472621537259,-7.107099603353334,-0.125,-0.13228697956508084,-0.38357078345348483
600900,df_pre_600900.csv,2425,2026-03-06,2016-03-11,0.866441865336715,0.0669968883263985,0.1886481145289236,0.39066892126229963,16,0.5,3.343202882043296,2.2334638200000985,0.12970080477382573,0.175402393726785,0.6865263417711824,-1.3670219546633835,0.0,-0.013245720802138594,-0.2958574205088828
601985,df_pre_601985.csv,2425,2026-03-06,2016-03-11,0.8949960530048928,0.06868169026387583,0.31120837335031604,0.33429795817958186,12,0.5,2.749806279405284,0.5359403937957394,0.0456047862926372,0.4722504795582798,0.22229547996483118,0.3590556592091534,0.0,0.16104210620796378,0.11200247821475068
600795,df_pre_600795.csv,2425,2026-03-06,2016-03-11,0.8124317060667838,0.06374593080910729,0.42604283646697194,0.3066903088082888,14,0.35714285714285715,3.233982054888745,1.181552350997344,0.08443540230914448,0.5091010656845892,0.36625738759908,-0.3691206449305602,-0.14285714285714285,0.0830582292176173,-0.059567078790791206
600309,df_pre_600309.csv,2425,2026-03-06,2016-03-11,0.7152227357042917,0.05766956911072185,0.6747651260528851,0.269107585452605,15,0.26666666666666666,1.1185811630909173,9.476936039206723,0.27649824895628483,0.5961157897147902,0.8134807549612203,-8.761713303502432,-0.23333333333333334,-0.0786493363380949,-0.5443731695086154
601088,df_pre_601088.csv,2425,2026-03-06,2016-03-11,0.6115687653884059,0.05084046233442452,0.402100216271452,0.24381331895002337,15,0.2,1.4449608062700647,5.845881671368638,0.22128143402251643,0.43523144404059033,0.7697131229253286,-5.234312905980232,-0.3,0.03313122776913835,-0.5258998039753052
600352,df_pre_600352.csv,2425,2026-03-06,2016-03-11,0.46223479834299885,0.04027502085111312,0.6730197662368889,0.2018938885301266,18,0.2222222222222222,0.8618416724138809,1.0311949692347824,0.07641759008574223,0.6723307420997262,0.3273419657460976,-0.5689601708917835,-0.2777777777777778,-0.0006890241371626527,-0.12544807721597098
000876,df_pre_000876.csv,2425,2026-03-06,2016-03-11,0.34686766230603006,0.03142849722810781,0.604023805653461,0.1732034234370873,22,0.22727272727272727,1.1746113881139313,0.36364053897315785,0.03275589045820104,0.8061076102762966,0.20656566305121005,-0.01677287666712779,-0.2727272727272727,0.2020838046228356,-0.03336223961412274
000895,df_pre_000895.csv,2425,2026-03-06,2016-03-11,0.3749777101601921,0.0336448438801118,0.4769900491091922,0.16818288085028624,20,0.25,1.3778682200069674,1.437474827567275,0.09700816973041015,0.6105051812474267,0.39534968628661676,-1.062497117407083,-0.25,0.13351513213823452,-0.22716680543633053
002470,df_pre_002470.csv,2425,2026-03-06,2016-03-11,0.33201615985586597,0.030240737213033997,0.5553160254542624,0.16614396448959706,16,0.375,0.8424659590801822,-0.6005456066550465,-0.0909548424254909,0.8918846599941028,-0.10604916894119239,0.9325617665109125,-0.125,0.33656863453984043,0.27219313343078944
601857,df_pre_601857.csv,2425,2026-03-06,2016-03-11,0.3026872110541925,0.027859854993039335,0.4938538253249869,0.138074049859307,21,0.23809523809523808,0.8657298192393834,1.2847068324282276,0.08965439707924117,0.5373798817904019,0.38624019291320955,-0.9820196213740351,-0.2619047619047619,0.043526056465414964,-0.24816614305390255
600188,df_pre_600188.csv,2425,2026-03-06,2016-03-11,-1.5486857523,-1.0,1.5486857523,0.1375799565505569,16,0.0,0.0,-10.887179487179488,-1.0,9.874538745387454,0.0,9.338493734879489,-0.5,8.325852993087455,0.1375799565505569
601872,df_pre_601872.csv,2425,2026-03-06,2016-03-11,0.06716594021009836,0.006778181210643108,0.7647410777915532,0.11660506047794754,20,0.2,0.4008662326862171,4.221953458363737,0.1873955826846907,0.4529558764500997,0.5749819862273328,-4.154787518153639,-0.3,-0.3117852013414535,-0.4583769257493852
600873,df_pre_600873.csv,2425,2026-03-06,2016-03-11,0.08254645183126286,0.008276393528870551,0.43355590617768913,0.06719749200389076,22,0.3181818181818182,1.0084471859924864,1.1027295868138491,0.08029621618204041,0.545635249211944,0.34057363582568956,-1.0201831349825863,-0.18181818181818182,0.11207934303425482,-0.2733761438217988
600028,df_pre_600028.csv,2425,2026-03-06,2016-03-11,0.07407802089999982,0.007453863350036505,0.6009914332393973,0.050140928234884925,16,0.25,0.7946921961342641,4.292307692307692,0.18904805505619593,0.553014553014553,0.617055117185173,-4.218229671407692,-0.25,-0.047976880224844254,-0.5669141889502881
600256,df_pre_600256.csv,2425,2026-03-06,2016-03-11,-0.15611975521771893,-0.017484783305289464,0.6282168575203511,0.022687329076212643,21,0.19047619047619047,0.7223251700574448,1.6081085942777946,0.10474878746192551,0.5431178872966158,0.3993886375160608,-1.7642283494955135,-0.30952380952380953,-0.08509897022373525,-0.37670130843984817
002299,df_pre_002299.csv,2425,2026-03-06,2016-03-11,-0.09952764100189726,-0.010835150254866699,0.5172172580238734,0.015742434644118678,17,0.17647058823529413,0.6983054666888722,0.08054796768183392,0.008082803915776537,0.6660223501767062,0.15262528463683359,-0.18007560868373118,-0.32352941176470584,0.14880509215283277,-0.1368828499927149
000792,df_pre_000792.csv,2425,2026-03-06,2016-03-11,-0.10203699782840814,-0.011121958986913594,0.7533325670287206,0.015367572686248668,14,0.14285714285714285,0.3310995072698968,2.2732978128471735,0.13113911617119722,0.7212787212787213,0.3281609248399746,-2.3753348106755814,-0.35714285714285715,-0.032053845749999366,-0.31279335215372595
000027,df_pre_000027.csv,2425,2026-03-06,2016-03-11,-0.10803291074627785,-0.011810185227601466,0.4937943806518643,-0.02279527900302163,21,0.47619047619047616,0.8501417746300866,0.5619515736996812,0.047431074637315884,0.5384941310935091,0.23762733663564106,-0.669984484445959,-0.023809523809523836,0.04469975044164476,-0.2604226156386627
000060,df_pre_000060.csv,2425,2026-03-06,2016-03-11,-0.2432140125474198,-0.028543894438758266,0.6461526368360933,-0.04992675623990085,18,0.3333333333333333,0.307629461771511,0.22503587813687065,0.02131616557588023,0.6152919814887057,0.17531479737332262,-0.46824989068429046,-0.16666666666666669,-0.030860655347387578,-0.22524155361322346
600886,df_pre_600886.csv,2425,2026-03-06,2016-03-11,-0.18504672370791952,-0.021039585063025945,0.4312478567716529,-0.1149771335382654,23,0.2608695652173913,0.7233246509136264,1.8805670040704263,0.1162148987783227,0.2890917756406406,0.4913648702096015,-2.065613727778346,-0.2391304347826087,-0.1421560811310123,-0.606342003747867
002385,df_pre_002385.csv,2425,2026-03-06,2016-03-11,-0.47083389800976794,-0.06399888480135096,0.7287564196759546,-0.15664820342099486,21,0.19047619047619047,0.5847507974567283,-0.29922201743932286,-0.03627505080346727,0.6934262509173272,0.05754729362157721,-0.17161188057044507,-0.30952380952380953,-0.03533016875862738,-0.21419549704257207
600585,df_pre_600585.csv,2425,2026-03-06,2016-03-11,-0.24216083991969317,-0.028403494206246216,0.6311957006018907,-0.17450048486906727,17,0.17647058823529413,0.748368821767773,1.5455889719861955,0.10196680970137839,0.6102338468691155,0.4052509585593312,-1.7877498119058886,-0.32352941176470584,-0.02096185373277515,-0.5797514434283985
600583,df_pre_600583.csv,2425,2026-03-06,2016-03-11,-0.5307153009871473,-0.07560735135268237,0.7051415612426821,-0.3067276279004175,28,0.14285714285714285,0.23613268946314253,0.32319182104675703,0.02952937177564019,0.5017375935680601,0.18856015187733416,-0.8539071220339043,-0.35714285714285715,-0.203403967674622,-0.4952877797777517
600688,df_pre_600688.csv,2425,2026-03-06,2016-03-11,-0.7357341094498051,-0.12915684552539397,0.8101774082135577,-0.723730394138238,23,0.08695652173913043,0.047246614905214916,-0.24805260002002782,-0.029191193281834837,0.6074489840977007,-0.04061679632227912,-0.4876815094297773,-0.41304347826086957,-0.202728424115857,-0.6831135978159589
