股票代码,策略总收益率(%),策略年化收益率(%),策略最大回撤(%),策略夏普比率,策略胜率(%),策略盈亏比,策略交易次数,买入持有收益率(%),买入持有最大回撤(%),买入持有夏普比率,超额收益(%),回撤改善(%)
000001,0.01934779290699873,0.0019387316983172642,-0.633535508807399,-0.0019874145390085004,0.6551724137931035,0.010358262006731149,30,0.9907918968692451,-0.6742259049280418,0.2858124415918602,-0.9714441039622463,0.040690396120642805
000002,-0.014088551019223572,-0.001480045748121106,-0.6801165673534086,0.037965528627194337,0.7307692307692306,0.010934833084700963,27,-0.724544447083747,-0.8513460775808257,-0.25319272340436993,0.7104558960645234,0.17122951022741703
000008,-0.22112732398950496,-0.025567383188435655,-0.635468665328502,-0.09619897620261378,0.5161290322580645,0.007567237217211662,31,-0.6748591150396845,-0.848657363507707,-0.2441811591030969,0.4537317910501795,0.213188698179205
000009,0.1117484133138249,0.01076008027259312,-0.5849016801523917,0.09878683046965037,0.5517241379310345,0.011498341594290886,30,0.3169234782601946,-0.749141240813367,0.21023231564370465,-0.20517506494636975,0.16423956066097517
000027,1.3105035731035128,0.0882924587075651,-0.35623750872244414,0.37379491093254485,0.7,0.028106684656422753,30,0.561951573699681,-0.538494131093509,0.19917229556963195,0.7485519994038319,0.18225662237106482
000039,1.8602527792565418,0.11221089910420412,-0.3729551433732361,0.4737161914418667,0.6774193548387096,0.02027055373617245,31,1.0741106352901815,-0.6171462922499593,0.29650531473057856,0.7861421439663602,0.24419114887672322
000060,-0.248713268553308,-0.028478230539057847,-0.5791981950271625,-0.20416764355412687,0.5769230769230769,0.006558874927997667,26,0.22503587813687065,-0.6152919814887058,0.14179922277720208,-0.4737491466901787,0.03609378646154326
000061,-0.16182671617548336,-0.018220546673599625,-0.6461237444764243,-0.06512849859930538,0.5714285714285714,0.008245834603011717,29,-0.14868252857263364,-0.7102398731779996,0.0315051590707368,-0.013144187602849727,0.0641161287015754
000063,1.6301642370842186,0.10546389570947268,-0.6175611195871645,0.37464448893284036,0.7272727272727273,0.016896333133330332,34,1.7370534233514199,-0.6986301369863014,0.38086289476223717,-0.10688918626720124,0.08106901739913688
000069,-0.23408095159815667,-0.026583086626202346,-0.6656326528032567,-0.09226511701185533,0.5384615384615384,0.008437306436819633,26,-0.5317475182618467,-0.8196286534558196,-0.14733988553048308,0.29766656666369007,0.15399600065256294
000100,0.5978279215727214,0.052046276929076374,-0.5621687641964096,0.19042504466226792,0.6428571428571429,0.014015875600245104,29,0.7145873642520624,-0.630147673589892,0.24576088112369762,-0.11675944267934106,0.06797890939348235
000156,-0.4236110994468799,-0.057001481298492356,-0.7188249701999746,-0.2676684747541098,0.5357142857142857,0.0051241219970211815,28,-0.42637469619730617,-0.6944121842217412,-0.0942202578599879,0.0027635967504262737,-0.024412785978233417
000157,0.6347130075426841,0.0509067817170572,-0.613167099483062,0.19787853100108266,0.59375,0.01424937311496156,32,2.447823969607568,-0.6292546768932199,0.4659724034234187,-1.813110962064884,0.01608757741015786
000166,0.125255831461224,0.012114674468094,-0.48930993166180387,-0.014111739187878145,0.6363636363636364,0.012792136162183292,34,-0.013893841333152523,-0.43421496667181797,0.005378838944870344,0.1391496727943765,-0.05509496498998587
000333,1.2282378924171322,0.08601201096027289,-0.2522335092717457,0.3819829182471217,0.6428571428571429,0.04056690357559381,28,4.549313102079077,-0.6052309155425083,0.6256395751748376,-3.3210752096619456,0.3529974062707626
000338,2.166503123447591,0.12355650303311606,-0.4694225900431863,0.5034716386628008,0.7666666666666667,0.021518681920964212,30,9.170928668633385,-0.6259403750032871,0.7715559020976981,-7.004425545185794,0.15651778496010088
000402,-0.23098290415357237,-0.026186013834548105,-0.5914662206129386,-0.13946881990564988,0.6,0.008631404924916408,31,-0.6079565790334582,-0.8236577204190767,-0.20464149756285518,0.37697367487988587,0.23219149980613815
000413,-0.9070779080128077,-0.25842744846289345,-0.9162740427534015,-0.8185795382041856,0.5,0.0041785902883172054,21,-0.9478466399154698,-0.977387909594428,-0.734022822611082,0.04076873190266198,0.061113866841026404
000415,0.4356856355099201,0.04217147113929087,-0.4338040675202562,0.1423709864802465,0.6428571428571429,0.013018683405456033,28,-0.24619228390456604,-0.7695479967298483,-0.0044041468017240485,0.6818779194144861,0.3357439292095921
000423,0.5269789972629977,0.04369313049360968,-0.36153006581802827,0.166690893023722,0.6,0.019237268636502512,25,0.46165448278914867,-0.634605894840902,0.1856584106430653,0.065324514473849,0.2730758290228737
000425,1.259357069414893,0.08691675332862549,-0.44238485250252707,0.3719133835415702,0.75,0.019579301703979535,32,3.620379784691805,-0.4345108089378072,0.5446254664487559,-2.3610227152769125,-0.007874043564719884
000503,-0.13679731725999966,-0.015806943308604104,-0.682006979341,0.029077353343422603,0.48,0.009551303123389518,26,-0.5462532299741603,-0.8988439306358381,0.024313492350424386,0.40945591271416065,0.21683695129483824
000538,0.5244503732299473,0.046642137889846724,-0.4296453004228169,0.16025356335662627,0.6666666666666665,0.014337596139827507,33,0.8034853163459931,-0.5650801580361468,0.24354903975002926,-0.2790349431160459,0.13543485761332988
000540,-0.6750264488475576,-0.1797262324264315,-0.8492049414954753,-0.4843774891031614,0.4375,0.013233293830505897,17,-0.9037320288606082,-0.9276972116845428,-0.7810993353852862,0.22870558001305072,0.07849227018906746
000555,-0.3550519076175338,-0.04655384905924809,-0.8008055477795256,-0.08689092612884236,0.5862068965517241,0.0064302677889081505,29,-0.25444189274165574,-0.8054792614834948,0.08816899147421986,-0.10061001487587809,0.0046737137039691845
000559,1.5036963647138015,0.0977911167958123,-0.5498347693832268,0.37878921627632056,0.59375,0.02398024403547833,33,0.9425340847492394,-0.669823344351735,0.28220764483615857,0.561162279964562,0.11998857496850818
000568,-0.18451455720000998,-0.020539075179420663,-0.5785966857682523,-0.0886858572733925,0.52,0.008388907698538258,25,5.085099627952025,-0.651463999565356,0.5839721437827777,-5.269614185152035,0.07286731379710361
000623,0.4059164200608709,0.03501938992960629,-0.30218750078886486,0.11180352278579686,0.5,0.01698479292268533,33,0.26049961992938475,-0.5044739928633506,0.10320431931678321,0.14541680013148617,0.20228649207448568
000625,0.18234167973437862,0.017159133944525617,-0.508917958380048,0.08224344028081461,0.5714285714285714,0.012524456380840989,29,0.7471282050263275,-0.6265767251820028,0.2718407811751322,-0.5647865252919488,0.11765876680195475
000627,-0.30905138456163483,-0.03964558796753925,-0.7316595936092614,-0.04779789529505278,0.48275862068965514,0.009781392338069107,30,-0.777285057774018,-0.864130335972171,-0.29388030609838234,0.46823367321238324,0.1324707423629097
000630,0.225580031215896,0.02084190553205212,-0.42062518325008547,0.052024497492539644,0.5862068965517241,0.012709672691864168,29,2.0880891187298083,-0.5144788731629963,0.41393474734903746,-1.8625090875139125,0.09385368991291088
000651,0.7052181607710792,0.058812583914431116,-0.38662214746051765,0.22121890991696416,0.6296296296296297,0.01639534410865691,28,2.4061031485152315,-0.5274138909456667,0.47044091097775864,-1.7008849877441523,0.14079174348514903
000671,-0.7822235974905218,-0.19216714030903148,-0.8846585204939573,-0.5830716181348564,0.5454545454545454,0.010824191275730649,23,-0.9307535046165983,-0.9594733209306434,-0.730742053441248,0.1485299071260765,0.07481480043668612
000686,-0.14146755866049188,-0.015323549951173132,-0.607998490086822,-0.12689923863911146,0.7307692307692306,0.009086916900451169,27,-0.11454423683560089,-0.6364329808303435,0.02972094984196712,-0.02692332182489098,0.028434490743521508
000709,-0.21317614289643427,-0.023931248530535187,-0.6346066679861407,-0.17916869758447207,0.6153846153846154,0.007849591230401621,26,0.079650594937694,-0.6691860883759216,0.06656450980828792,-0.29282673783412827,0.034579420389780895
000712,0.15397096447986347,0.014604044586250975,-0.7153941366225672,0.12528990720146113,0.59375,0.011083144445608371,32,-0.28770700893348133,-0.7138899874484271,0.08104457656790565,0.44167797341334475,-0.0015041491741401103
000718,-0.5505423592075819,-0.08048599062714545,-0.7000315293045967,-0.29835574221981365,0.4642857142857143,0.006818523355456015,29,-0.7533897826356237,-0.8469181349585122,-0.27214389887254425,0.2028474234280418,0.1468866056539156
000725,1.3204983256421214,0.08876716219074776,-0.5199178930319657,0.3526066943747833,0.76,0.016089601786344342,25,1.063672562694089,-0.6104975573187091,0.295285220028269,0.25682576294803255,0.09057966428674348
000728,-0.1925383382578706,-0.021586032297964408,-0.6600194767844169,-0.13451628595311968,0.5806451612903226,0.0074902571673964745,32,0.07459869536437536,-0.6612904630679647,0.0961203958468197,-0.26713703362224595,0.0012709862835478703
000738,-0.11706249524204526,-0.012499659198064506,-0.5718236932153461,-0.05042236525274101,0.6,0.008948821075352753,25,-0.014368829112190507,-0.6315003397252908,0.10941533087466712,-0.10269366612985475,0.05967664650994479
000750,1.3965393785468416,0.09373318414363328,-0.582021774835717,0.35336156019353665,0.6428571428571429,0.027477485953483125,29,-0.13521593611784988,-0.6452417353861465,0.035923665377056144,1.5317553146646916,0.06321996055042944
000768,0.7815623616796081,0.06008004805786338,-0.5025309943277491,0.2384931426206359,0.6060606060606061,0.014359310136745986,33,0.8499647314777434,-0.537848206607224,0.27259262175785454,-0.06840236979813526,0.03531721227947493
000776,0.8173433586187955,0.062211892922070744,-0.3446229917684784,0.25204483216153445,0.6764705882352942,0.018007183294287882,34,0.9070005053579844,-0.5340002915065873,0.26765335409576,-0.08965714673918895,0.18937729973810896
000778,1.2769601690115673,0.08668569730226781,-0.42675874065817515,0.36807370661133093,0.6666666666666665,0.02276341048937176,33,0.28234770457370706,-0.5762043017033992,0.12738748942653166,0.9946124644378602,0.14944556104522405
000783,0.8996946327815504,0.06697853471618354,-0.524644801282518,0.2707775190646099,0.7058823529411765,0.020708061331496604,35,0.10289816729568567,-0.6619375953959892,0.0896757893682703,0.7967964654858646,0.13729279411347114
000792,-0.07938916710874822,-0.009554198808564784,-0.49164451484293825,-0.049309034653269836,0.64,0.009457539619701184,25,2.2732978128471735,-0.7212787212787213,0.31343782573193285,-2.3526869799559216,0.22963420643578294
000793,-0.23179844669227556,-0.02747545975712673,-0.790356280805155,0.0014261503020522796,0.6896551724137931,0.008271986052304498,29,-0.648587804212413,-0.9360569609576068,-0.033196840396920155,0.4167893575201375,0.14570068015245183
000800,0.15308501219654058,0.014549378652568556,-0.43659456942929703,0.04874665736373607,0.65625,0.012139719156576667,33,-0.3772576945413741,-0.6508524080164286,-0.061697286745027786,0.5303427067379147,0.21425783858713168
000826,-0.617696994907641,-0.093978254275076,-0.7766025192502471,-0.2849367272596267,0.5625,0.005216291444198075,32,-0.8758390033422873,-0.9497005907544898,-0.3427128235219298,0.25814200843464635,0.1730980715042426
000839,-0.7102666859555175,-0.1176412381377232,-0.8226096690548581,-0.34886390785336086,0.35714285714285715,0.003010857498089193,28,-0.3309010826275186,-0.867716241672855,0.05665666691953012,-0.3793656033279988,0.04510657261799679
000858,0.4371195679246198,0.037317379148759766,-0.606882122785565,0.14280339487971666,0.7037037037037037,0.013238828349391775,28,4.154179425441875,-0.6598294084204452,0.5632342057020833,-3.7170598575172544,0.05294728563488029
000876,-0.04518225732636205,-0.004669858225256007,-0.7021054021711783,-0.027975585800444357,0.6153846153846154,0.009714213816659236,27,0.36364053897315807,-0.8061076102762967,0.17273201336769056,-0.4088227962995201,0.1040022081051184
000895,0.8601811923942877,0.06504718884027705,-0.47656182289239735,0.27019482342944195,0.75,0.016277722261516622,33,1.4374748275672748,-0.6105051812474266,0.3528492792145322,-0.5772936351729873,0.1339433583550292
000917,0.12077903984888216,0.01180692412929707,-0.5637745714177474,0.07430763515997195,0.65625,0.011902958640997018,33,-0.2623979097539222,-0.805717892294347,0.07791396119162343,0.38317694960280435,0.2419433208765995
000938,0.6046199506381051,0.04962748598875333,-0.5319717255253792,0.20239517890250494,0.6071428571428571,0.013445017360591907,29,0.2889612302576732,-0.604758094320512,0.20395063436508354,0.31565872038043197,0.07278636879513278
000963,-0.2577467177661431,-0.029664855702915105,-0.6194829788668769,-0.10706595381980578,0.5925925925925926,0.00896036173180082,28,1.0982142289444203,-0.6168020054285224,0.3073056945596115,-1.3559609467105633,-0.002680973438354499
000977,-0.07119951185551787,-0.007465173832713723,-0.619764396434963,0.04601933629566691,0.6086956521739131,0.009684408532108002,24,2.589054145785562,-0.5871339297337013,0.4449307590962462,-2.66025365764108,-0.03263046670126166
000983,0.015688740210688668,0.001579194030617348,-0.4427610455367059,-0.0023040563009970143,0.5517241379310345,0.010116053755922767,29,0.8266317335525168,-0.5963074939827387,0.2797365394179602,-0.8109429933418282,0.15354644844603285
001979,-0.11481025724216642,-0.012311049107770144,-0.4858664376249078,-0.07048421034206703,0.5862068965517241,0.009238087563252345,29,-0.07442682294654879,-0.6527232355028519,0.062053979051694186,-0.040383434295617644,0.16685679787794414
002007,0.37600858667875126,0.03277335015113558,-0.5531824848950818,0.11295483005939065,0.7407407407407408,0.012483634163737661,28,0.32021615636467343,-0.7964759632166495,0.1678643562740888,0.055792430314077775,0.2432934783215677
002008,2.4588765923238114,0.1335719997109195,-0.5239775879892125,0.48299745777497166,0.696969696969697,0.020553963810138565,33,2.920229629620944,-0.7435092569604538,0.46721551685274737,-0.4613530372971323,0.21953166897124135
002024,-0.7488085493900772,-0.13108094132253723,-0.8577259159834489,-0.6684396949591801,0.4666666666666666,0.004359168551637745,31,-0.8499574994746044,-0.9295112951569515,-0.5579716519141202,0.1011489500845272,0.0717853791735027
002027,-0.0481644924097373,-0.004974778858464535,-0.5102675055200558,0.005277567869027528,0.6956521739130435,0.010400448747294793,24,0.13210800846253945,-0.6827042190265871,0.1503480828325645,-0.18027250087227678,0.1724367135065313
002049,0.0332586202860341,0.003486651218992165,-0.465326257219482,0.07093733057072134,0.64,0.011007044105017067,26,0.9900810484178233,-0.7360085301751842,0.31671400751028717,-0.9568224281317892,0.2706822729557022
002065,-0.037663048672373356,-0.004011464100408313,-0.7584984462451,0.03555923235073145,0.5,0.010142613527572517,27,-0.22846519056615378,-0.7415651370431676,0.051253484789549206,0.19080214189378045,-0.016933309201932333
002074,0.35977926840855545,0.031802497013364794,-0.6401963993081482,0.16497508460693808,0.4642857142857143,0.012327919320733596,29,0.38761786150885685,-0.7479365234249038,0.23423554432256483,-0.02783859310030138,0.10774012411675557
002081,0.18483914597409412,0.01728321076379613,-0.5334550560941048,0.05915144374660871,0.5161290322580645,0.011380867335862369,32,-0.5131539292382765,-0.8034083204402248,-0.16225394795598114,0.6979930752123706,0.26995326434612
002085,-0.024670185877813555,-0.002571362580762737,-0.5535436236492501,0.015279106257092518,0.5625,0.009818675305124125,32,0.41768322481627007,-0.8208440334309485,0.2129893469954225,-0.4423534106940836,0.26730040978169833
002129,-0.8192578363016985,-0.18737369373319857,-0.8597402067740121,-0.5981022783231709,0.3125,0.003051567851180545,16,0.636520545789778,-0.8475343660531878,0.2664921542659073,-1.4557783820914765,-0.012205840720824312
002131,-0.3493527099396785,-0.042734002161119895,-0.7615352247965386,-0.0883311279684555,0.5185185185185185,0.006970119685426792,27,1.1840155254030984,-0.7823706740504693,0.3330852656281177,-1.5333682353427769,0.020835449253930705
002142,1.3382550333798071,0.08979921758723484,-0.36051700052965296,0.37138769872567795,0.6333333333333333,0.025374527696970146,30,3.109574201805441,-0.5274634968915239,0.5194826985957908,-1.7713191684256337,0.166946496361871
002146,-0.5300384199672774,-0.07371478115319252,-0.7575250972094486,-0.1398195571395038,0.6521739130434783,0.007757736283434625,24,-0.7041231037249718,-0.8965387307675217,-0.13812181757246242,0.17408468375769431,0.13901363355807306
002152,1.0498144572947967,0.0754345398502334,-0.43644076083354916,0.29445430324052685,0.7352941176470589,0.018797116065805072,34,0.7567702468052349,-0.5539780353002662,0.2570582793600853,0.29304421048956186,0.11753727446671704
002153,1.0701521405249204,0.07667535432670691,-0.47382647892312796,0.2952068503080607,0.6428571428571429,0.01741477124692085,29,0.274650163970916,-0.7664302961050047,0.22360865007767974,0.7955019765540043,0.29260381718187667
002174,-0.23870905225398997,-0.027178962267053075,-0.6760862809468471,-0.03909336323090248,0.5806451612903226,0.008569240675357847,32,-0.5820161224167938,-0.8533871783136668,-0.0026431428233148323,0.3433070701628039,0.17730089736681975
002183,-0.7733537966535817,-0.14104240023636117,-0.8054879544353262,-0.48558879753772666,0.375,0.0040085203205211355,25,-0.5610835481371441,-0.8229401334774706,-0.07230042982947893,-0.2122702485164376,0.017452179042144564
002195,4.15953248492663,0.18030890834975088,-0.6070984336668679,0.5680918717722924,0.71875,0.034808780508182466,33,1.7860051813482238,-0.6788659535500883,0.3846132850750874,2.3735273035784066,0.07176751988322032
002202,0.24022831663444477,0.022035721927363694,-0.5841144906791108,0.0929174916629965,0.6206896551724138,0.011164340397428845,30,2.2959761431249865,-0.6733728455370052,0.42484930121875725,-2.0557478264905416,0.08925835485789435
002230,0.17508998997480732,0.01675481149935809,-0.6765595927991349,0.07419754949699656,0.6785714285714286,0.011774217555245221,29,2.0185225924205192,-0.5889777784604531,0.4030053661031516,-1.843432602445712,-0.08758181433868181
002236,-0.37778628649913415,-0.046824357214385826,-0.6166608672819713,-0.11825275111044749,0.5769230769230769,0.007082929076393713,27,0.7367807708374072,-0.6311197471609343,0.26745935782764296,-1.1145670573365414,0.014458879878962988
002241,0.06376025633029037,0.006264264898288463,-0.5363602334131102,0.06443765519400478,0.6785714285714286,0.011334469035333505,29,1.4620050775165598,-0.7460040020578372,0.3620301282436232,-1.3982448211862695,0.20964376864472706
002252,-0.005570969467370346,-0.0006469318182029671,-0.47655464853383095,-0.06326636909988649,0.5833333333333334,0.010444459715920017,25,-0.6953760030964327,-0.7831456952962439,-0.3754392250100976,0.6898050336290623,0.306591046762413
002292,-0.6657784886028538,-0.10481508803921347,-0.8175663106571407,-0.259274320979854,0.48275862068965514,0.004227788470280716,29,-0.7372682752956503,-0.9169422290249801,-0.07208520608618167,0.07148978669279643,0.09937591836783938
002299,0.6832008136199417,0.055278431351053925,-0.48379782063717697,0.21354856972147598,0.696969696969697,0.013623178764156045,33,0.08054796768183392,-0.6660223501767061,0.12168096333131612,0.6026528459381078,0.1822245295395291
002304,-0.16460086451800815,-0.018005895368772284,-0.7474568411765447,-0.06436710022652878,0.4782608695652174,0.01028951742366103,24,0.0685946673141804,-0.7718390610041862,0.10852481879667082,-0.23319553183218858,0.02438221982764162
002310,-0.43297168818576426,-0.05738612646759245,-0.8202499183045443,-0.19108696524053947,0.48148148148148145,0.006727611956080944,28,-0.650283600337357,-0.9633963998000304,-0.12977317024619592,0.2173119121515927,0.14314648149548617
002385,0.7037991485936828,0.05540475062637418,-0.6467424332912518,0.2232907222708971,0.65625,0.014387483307405002,33,-0.29922201743932286,-0.6934262509173272,0.030077399013187373,1.0030211660330055,0.04668381762607552
002415,0.7736666306075481,0.05962974625754569,-0.5375180193543999,0.23620730799706285,0.7037037037037037,0.014958812187912144,27,2.041839181144333,-0.6037469346824197,0.4117660730427134,-1.2681725505367847,0.06622891532801979
002424,-0.8257902251831052,-0.1618440112222318,-0.8718091140167452,-0.6698709390379872,0.3793103448275862,0.002611573111249875,30,-0.6532668328147495,-0.870629271025019,-0.1841228487315034,-0.17252339236835568,-0.0011798429917261898
002426,-0.6717202070307486,-0.11528329692635786,-0.9031173715865358,-0.3113486196041342,0.5,0.003038932993581552,23,-0.39238045085370543,-0.8735000124785111,0.058413226027948,-0.2793397561770432,-0.029617359108024745
002450,-0.9774055209701541,-0.754058578537689,-0.9802715926954287,-2.1670724149623783,0.42857142857142855,0.0031946636530800748,8,-0.9856893543206966,-0.9924644287976931,-2.0860163211457596,0.00828383335054255,0.012192836102264409
002456,-0.48055164962040275,-0.06444331967209771,-0.7489267622841607,-0.1948147057370157,0.5384615384615384,0.006926800833685136,27,0.09695677227391863,-0.8230975836557561,0.1882441462590116,-0.5775084218943214,0.07417082137159553
002465,0.7335538925657019,0.059268988854555005,-0.386705960963187,0.22588300826462895,0.71875,0.017930786542365202,33,0.6945511090631517,-0.4888658802109592,0.24327815573218423,0.039002783502550216,0.10215991924777228
002466,0.02383604187541044,0.00240459995658604,-0.6673061984398942,0.09114767410144814,0.5384615384615384,0.01017431330869557,27,1.4848648359708172,-0.8172654948964957,0.38043870550230424,-1.461028794095407,0.14995929645660142
002470,-0.5300915598647995,-0.0761203020514637,-0.8151552043000432,-0.29232122085316925,0.6666666666666665,0.005357802801284145,30,-0.6005456066550465,-0.8918846599941028,-0.132278991695207,0.07045404679024699,0.07672945569405969
002475,1.7267066441444325,0.1066567909897669,-0.5278420653549772,0.396266374515006,0.7,0.023772218493662144,31,7.439329889373052,-0.5927467872214986,0.6460385165480741,-5.712623245228619,0.06490472186652141
002500,-0.000127278061605951,-1.2886325948202604e-05,-0.677991537120024,-0.01138527117473543,0.5161290322580645,0.010264833624754374,32,-0.2910173232559695,-0.702592521824237,-0.04371331381865592,0.29089004519436357,0.024600984704213003
002568,0.07432149601026872,0.007269128848273132,-0.7856536600257474,0.10388446694585168,0.7142857142857143,0.0117915062583559,29,0.8271455997514074,-0.7784359890490947,0.2945031089176277,-0.7528241037411388,-0.007217670976652784
002594,1.6281985927747287,0.10255041013380971,-0.3605827751088194,0.3857761984804202,0.5555555555555556,0.022478710540041323,27,4.748470614849159,-0.5253686264855647,0.567952930743362,-3.1202720220744307,0.16478585137674528
002673,-0.3032224408907973,-0.036018227263623026,-0.6345268551749691,-0.15498666907576458,0.5185185185185185,0.007693716906881227,28,-0.5118941547026755,-0.7664282852790392,-0.15006224485510272,0.20867171381187824,0.13190143010407007
002714,4.499981089606072,0.18871575463340443,-0.530574580453121,0.6341545221988945,0.6896551724137931,0.020946588846616387,30,8.272334355295296,-0.6373176028337404,0.6881792295617962,-3.7723532656892247,0.10674302238061933
002736,0.46799554341343885,0.039697747070359,-0.507921897574805,0.14350288987439386,0.5151515151515151,0.014751205974388124,34,0.12339185629747608,-0.6195718064958377,0.08425352988407211,0.34460368711596273,0.11164990892103262
002739,-0.41869765210070164,-0.0632543483526039,-0.6812134301820582,-0.2278283408179423,0.5555555555555556,0.006580665514943017,27,-0.806037763296543,-0.8456260938865304,-0.372792495392224,0.38734011119584133,0.16441266370447224
002797,-0.1932510544366287,-0.021972895231879175,-0.7378394192629041,-0.023599147020834862,0.6363636363636364,0.008610270902429851,33,-0.1696462599927362,-0.8465215990156107,0.08096607873606114,-0.023604794443892522,0.10868217975270668
300002,0.19691886599778763,0.018326276614992754,-0.691297901936337,0.135164327764651,0.6333333333333333,0.01117633569974321,31,0.39045602131644275,-0.74165083721498,0.2581112001749666,-0.19353715531865512,0.05035293527864312
300015,-0.14764090273821795,-0.016082245151282537,-0.7369984412669648,-0.027685397944044073,0.4782608695652174,0.009620595238718742,24,2.3064605133818845,-0.7794901885433518,0.42655008401607447,-2.4541014161201025,0.04249174727638703
300017,0.03541737157008873,0.003545968150370671,-0.5703506605259159,0.08311175738717673,0.48275862068965514,0.010239822212955487,29,0.14704274451895727,-0.8224882007469312,0.20056647700499697,-0.11162537294886855,0.25213754022101525
300024,-0.32749265389673476,-0.03929053077097988,-0.7079933651644259,-0.12424604900275342,0.4,0.0061363596767135455,26,-0.24151567817824493,-0.7518082058040876,0.07664230585993764,-0.08597697571848982,0.0438148406396617
300027,0.00850796222881911,0.0008728622308238343,-0.65390027957777,0.0393568601854205,0.5625,0.01078968628939306,33,-0.8468171339553269,-0.8969849458191167,-0.25730047105947057,0.855325096184146,0.2430846662413468
300033,2.372573318004027,0.13068187411982835,-0.4599152291122891,0.4312908907560599,0.5517241379310345,0.026784360024705075,30,5.9409922847714185,-0.6457276061316388,0.5724089545190455,-3.568418966767392,0.18581237701934966
300058,0.24554633211425858,0.022431680611634697,-0.6639840567637104,0.16605072729559953,0.5384615384615384,0.011520098655961524,27,1.6812269992419715,-0.6643309153670433,0.3957594177709274,-1.435680667127713,0.0003468586033328336
300059,8.900975511976664,0.2611317909248412,-0.3562173203044467,0.7785297396920744,0.65625,0.04246984657158551,33,3.1014030431839883,-0.626547140761546,0.4728453129031048,5.799572468792676,0.27032982045709936
300070,-0.33243718733941685,-0.04031600590074847,-0.5886116952151609,-0.18353309809030238,0.43333333333333335,0.006226714180313144,30,-0.6877728038329866,-0.8528127021985504,-0.24587843079365285,0.35533561649356976,0.26420100698338955
300072,0.13316623176477904,0.012800858009850646,-0.7368075055203911,0.11443521737650104,0.6842105263157895,0.010493954713599693,38,-0.42610653690914746,-0.9456848235078279,0.06739955266296196,0.5592727686739265,0.20887731798743672
300085,1.1169124384728621,0.08132503818768466,-0.6574129175319365,0.32460403834019425,0.5555555555555556,0.016553817460179636,28,0.39235722603879064,-0.8058389523657761,0.2971979711063045,0.7245552124340716,0.14842603483383954
300104,-0.9879518133912,-0.8807993534906182,-0.9896544320592188,-2.076815830465333,0.33333333333333326,0.00025990991079797015,4,-0.9938704284582767,-0.9942109609557656,-2.1152214259487394,0.005918615067076729,0.004556528896546865
300124,0.1647905876960154,0.015589062052630664,-0.45917211534254754,0.049807701337332734,0.6296296296296297,0.01238065063624178,28,5.913949352038636,-0.535847864060178,0.6217494664024447,-5.749158764342621,0.07667574871763051
300133,-0.10215533137863597,-0.0108278630356059,-0.5060798301507179,0.008247760347503349,0.6129032258064516,0.009093130432753711,31,-0.4171480010522325,-0.7654623536519093,0.06925792331454127,0.3149926696735965,0.25938252350119134
300144,0.695001683363816,0.054759076398887885,-0.5089262629109319,0.21809204705808646,0.7,0.015814427685286604,30,-0.3380963116581663,-0.6798150337733366,-0.02104733671863399,1.033097995021982,0.17088877086240473
300146,0.6561298064186265,0.05503653605885095,-0.47827775279312945,0.20667235080499008,0.6206896551724138,0.0160219806899937,30,0.12746933400856242,-0.6903358008857995,0.12057884116240337,0.5286604724100641,0.21205804809267007
300168,-0.21581946446018427,-0.024933336267810913,-0.8174092466933751,0.03188331251802092,0.5357142857142857,0.009255457160868862,29,-0.7277020939420968,-0.8467550118926266,-0.08047780687820796,0.5118826294819125,0.029345765199251445
300182,-0.45532930006656236,-0.05963311097721757,-0.7947211175614819,-0.0800093094279554,0.5185185185185185,0.006380705983865832,27,-0.346509521881878,-0.784562912480365,0.11852975822557245,-0.10881977818468436,-0.010158205081116875
300251,0.8540332180412284,0.06527532805294789,-0.5589510224800794,0.25922115217156294,0.6296296296296297,0.016607192186250494,27,1.0153141857233425,-0.6287644125025034,0.32028752022166085,-0.16128096768211406,0.06981339002242393
300315,-0.33355889101026115,-0.04182547047051832,-0.7874787834488438,-0.0608751442632984,0.6428571428571429,0.007944826629397314,29,-0.5141880532145153,-0.7826357014050219,0.0072314328839943615,0.18062916220425415,-0.0048430820438218804
600000,0.31702910499899994,0.028212386741085504,-0.40323825655198997,0.06405316342426662,0.6774193548387096,0.013448335610012735,32,0.18301435406698574,-0.4809656453110492,0.062271068980774155,0.1340147509320142,0.07772738875905923
600005,0.32894679856099995,0.6334057889500697,-0.07498973876966153,1.9952571940740433,1.0,0.0,3,0.2705479452054793,-0.2417582417582417,1.2649110216710118,0.05839885335552068,0.1667685029885802
600008,1.0862047508430006,0.07765369628526164,-0.6017902663611169,0.31844985966676415,0.7096774193548387,0.020897283616651642,31,0.286290322580645,-0.6595394736842105,0.13628049897037497,0.7999144282623557,0.05774920732309369
600009,-0.37104925652699905,-0.04597151844358482,-0.6257630909086151,-0.24837119078507425,0.6,0.007731348879856953,31,0.2193018480492812,-0.6588741567806466,0.12526130371186736,-0.5903511045762803,0.03311106587203156
600010,0.5801574514879988,0.04748946631969919,-0.6589637403932669,0.19542904702649105,0.5862068965517241,0.015492587164736426,29,0.5,-0.6589403973509934,0.20920689280281185,0.0801574514879988,-2.3343042273467062e-05
600015,0.744017744218,0.05780133667531229,-0.3268977863628968,0.24613245639262132,0.7058823529411765,0.017612809015638057,34,0.2495446265938068,-0.5555555555555556,0.08228368205973384,0.49447311762419316,0.22865776919265876
600016,-0.20119475006199983,-0.02243979301276422,-0.4994501257410004,-0.264335260683363,0.5333333333333333,0.007504505994002288,30,-0.24806201550387608,-0.5783333333333334,-0.16732664582088136,0.04686726544187625,0.07888320759233296
600018,0.7127969114789992,0.05594370943629401,-0.47741475036657166,0.22009606998730755,0.65625,0.016209467490785022,32,0.5088235294117649,-0.6185567010309279,0.1966417598890602,0.20397338206723417,0.1411419506643562
600019,2.176082386861001,0.12903177367229035,-0.46866300686710277,0.4444680670396274,0.6785714285714286,0.022561487259222406,28,2.796791443850267,-0.6935286935286935,0.45538478454763426,-0.6207090569892659,0.22486568666159074
600021,-0.16661163257300038,-0.018837604293251986,-0.5288367429793439,-0.07643297368946847,0.6086956521739131,0.007934805137932701,24,1.4193548387096775,-0.5858995137763372,0.3444922642541875,-1.585966471282678,0.05706277079699326
600023,1.2311596021709992,0.08445709319926141,-0.2576071415718853,0.38644819160116145,0.6470588235294117,0.020661577683485196,35,0.579250720461095,-0.4956709956709957,0.19636199037620555,0.651908881709904,0.23806385409911038
600028,2.4408652968599993,0.13297423261460395,-0.3505373459409055,0.6182699841929439,0.71875,0.027070369850205875,32,4.292307692307692,-0.553014553014553,0.5772701905317228,-1.851442395447693,0.20247720707364755
600029,0.9768509731780008,0.07137019286645097,-0.34169893981922095,0.286026874258587,0.6764705882352942,0.01662708793860982,34,0.17345132743362826,-0.6068037974683544,0.11794884844066172,0.8033996457443726,0.2651048576491335
600030,1.9853790766280008,0.1177081969724818,-0.2670728162206645,0.4831948526997276,0.6764705882352942,0.03051182535547218,35,1.347246891651865,-0.44699140401146126,0.3340660545353498,0.6381321849761358,0.17991858779079678
600031,0.45334209352099974,0.03849443776179995,-0.5388173973413218,0.15858827065606612,0.6551724137931035,0.012285258322198395,29,8.578260869565218,-0.7423085315295659,0.6796417393579389,-8.124918776044218,0.20349113418824402
600036,2.9545093775789955,0.1490126772701017,-0.4081260140997809,0.5405396566288458,0.6666666666666665,0.03291826221896044,28,20.18918918918919,-0.5897959183673469,0.8453262433647868,-17.234679811610196,0.18166990426756605
600037,-0.0497056450769996,-0.005150377034949805,-0.5917551843150511,-0.027702595770814513,0.5925925925925926,0.00960305387832019,27,-0.3797570850202428,-0.6706021251475797,-0.04859713607398812,0.3300514399432432,0.07884694083252854
600038,-0.051448624353000794,-0.005344151282378418,-0.5279860026585746,-0.023249287040659556,0.5862068965517241,0.00963521314739841,29,0.044186688760011084,-0.6101127772958235,0.10619755914989965,-0.09563531311301186,0.0821267746372488
600048,1.6988751329170038,0.10583138039965911,-0.6100213644590116,0.3793512808712753,0.8,0.01379772075382627,30,0.4073275862068968,-0.6584408300616938,0.2285982761129247,1.291547546710107,0.04841946560268227
600050,0.4874728271109979,0.04263681035062228,-0.4169600912024358,0.1535877967636332,0.6206896551724138,0.014104224915265435,30,0.46607669616519165,-0.6601941747572816,0.19533718989352503,0.02139613094580618,0.2432340835548458
600060,0.8649088525779998,0.06501584803785887,-0.5423180938461847,0.25893299048952434,0.6666666666666665,0.014498282143511313,28,1.3295454545454546,-0.7114303560274828,0.3460299444227398,-0.46463660196745493,0.16911226218129818
600061,2.1836587075529987,0.12471546069777052,-0.6316294323279964,0.4552867588244405,0.6896551724137931,0.026066538280561147,29,-0.21041214750542303,-0.7026378896882494,0.016778192411462847,2.394070855058422,0.07100845736025299
600066,-0.17809066812400043,-0.01962770293119198,-0.7988218063089463,0.12163718096721055,0.7391304347826086,0.009349344292403576,24,2.28125,-0.8835758835758836,0.4415456080785378,-2.459340668124,0.08475407726693732
600068,0.45520509707799994,0.07177318960063994,-0.43137031531692777,0.28216951381548466,0.6666666666666665,0.019635788475892212,15,1.1872246696035242,-0.5860688550840673,0.5018654134106734,-0.7320195725255243,0.1546985397671395
600074,-0.9104905790850001,-0.578718032473039,-0.9205022249910515,-2.1889453024606706,0.42857142857142855,0.003116790043790124,8,-0.9866457187745483,-0.9902130109383995,-3.1678343610895134,0.07615513968954829,0.06971078594734806
600085,-0.35669427130200015,-0.04358972313716403,-0.5528967481709367,-0.2147904727802131,0.4666666666666666,0.007040224637504494,31,0.2862039417309339,-0.5121510673234811,0.15010379407534682,-0.6428982130329339,-0.04074568084745558
600089,2.700728007114002,0.141713112140752,-0.37735628248029124,0.5479707678338945,0.7096774193548387,0.026005077907210978,31,7.393229166666666,-0.6384615384615384,0.6401453301510286,-4.6925011595526644,0.2611052559812472
600100,0.4141749585500005,0.03729074857883896,-0.47165620330680036,0.1444700429527337,0.52,0.013408482765648561,25,-0.16806722689075637,-0.7609223300970875,0.054711490248699944,0.582242185440757,0.2892661267902871
600104,0.23684552862699815,0.021707818820047686,-0.4642903218909114,0.06562511946268933,0.6363636363636364,0.011738389114487956,34,0.3524355300859596,-0.6333973128598848,0.1681143595112197,-0.11559000145896146,0.1691069909689734
600109,-0.34572965255099997,-0.042125293952893,-0.6406494179155426,-0.16821303184794065,0.4666666666666666,0.006591246625019493,31,-0.22183098591549288,-0.6323921150772509,0.018372844631393815,-0.12389866663550705,-0.008257302838291736
600111,5.1581732712829975,0.20159761703063173,-0.4802293980987605,0.633227805315768,0.5806451612903226,0.029510635936290552,31,3.931880108991826,-0.7394261071487809,0.5133947806468022,1.226293162291172,0.25919670905002035
600115,-0.10320479053899956,-0.010949227630519753,-0.3873552029241493,-0.12511099823710334,0.5555555555555556,0.008744473461439252,27,-0.05882352941176484,-0.5983510011778563,0.033624725875618856,-0.04438126112723472,0.21099579825370704
600118,0.6259164630640002,0.05033406234686133,-0.42574613642774506,0.19971593954803615,0.5333333333333333,0.017183171038034226,31,2.1439623276152036,-0.633259423503326,0.4130498425013397,-1.5180458645512036,0.20751328707558087
600150,0.47477457388200067,0.04255470803025796,-0.6855493231976889,0.18005254573152302,0.7,0.011624931746027863,31,0.7760036496350362,-0.7215230719586964,0.2673738920316789,-0.3012290757530356,0.035973748761007444
600153,0.36123076289499934,0.032504989926736894,-0.6229421539387079,0.15102510559364055,0.6428571428571429,0.01331232319315622,28,-0.09730250481695579,-0.7591522157996147,0.1533233570425329,0.45853326771195513,0.1362100618609068
600157,-0.6292704136589997,-0.10408048026302798,-0.704044120512342,-0.4098553145415021,0.4642857142857143,0.002854756148145634,28,-0.504,-0.7842323651452283,-0.11499742694805631,-0.12527041365899977,0.08018824463288624
600170,1.3122801792199996,0.08879705986346732,-0.4513269483797265,0.3719543311666869,0.7333333333333333,0.023312630722693805,30,0.07011070110701123,-0.5295629820051414,0.0707234374280439,1.2421694781129884,0.07823603362541491
600177,0.4069903804479995,0.03509924132616882,-0.5207937330226056,0.12764558962719677,0.7241379310344827,0.015466600829973294,30,1.9249999999999998,-0.6292906178489703,0.3994212719304544,-1.5180096195520003,0.10849688482636473
600188,0.09598586183600055,0.009302923502744198,-0.48979049747357906,0.02312847346194839,0.5,0.011242041361621413,10,-10.887179487179488,-9.874538745387454,0.6692017942453178,10.983165349015486,9.384748247913874
600196,-0.3514720719380008,-0.0428254524751861,-0.5922105177018279,-0.1433065165076804,0.5517241379310345,0.007909313217859449,30,0.7589952477936184,-0.7599906792496796,0.27051385751452856,-1.110467319731619,0.1677801615478517
600208,0.5022501217499988,0.04222172221234888,-0.4405675997355346,0.16225523737174094,0.5714285714285714,0.012944593541923873,29,-0.0029239766081871066,-0.7135036496350363,0.07920047110631526,0.5051740983581859,0.27293604989950176
600221,-0.5787320194799996,-0.0881934416753204,-0.6610255130381443,-0.40040601777847795,0.4782608695652174,0.005515792339571457,24,-0.47840531561461785,-0.7052023121387285,-0.15503939145965717,-0.10032670386538178,0.044176799100584245
600252,0.050938376746287206,0.005032184904991688,-0.39904558951425406,-0.03189087790204717,0.6857142857142857,0.011763211479646225,36,-0.39097960653031294,-0.5956940704516029,-0.13908105315907598,0.44191798327660015,0.19664848093734888
600256,0.9973973254326228,0.07277135093967324,-0.47449800991380736,0.28958278254489156,0.6296296296296297,0.016673755868282396,27,1.6081085942777946,-0.5431178872966158,0.36465045541430907,-0.6107112688451718,0.06861987738280845
600271,0.19498543652680803,0.018374034343981993,-0.5083379331279939,0.06146937005342869,0.6206896551724138,0.012333542531168024,30,-0.6094652547577817,-0.7489395550748696,-0.1926640770457406,0.8044506912845897,0.2406016219468757
600276,-0.42965105801787695,-0.05515044552342685,-0.7597892721332549,-0.2773601776914671,0.7391304347826086,0.006413637522546372,24,2.9748216937268963,-0.7098815756129384,0.5007055566306277,-3.404472751744773,-0.04990769652031645
600297,-0.786675215630523,-0.1700305658762393,-0.8112894956305232,-0.6029084577964051,0.4,0.0036727554574567454,26,-0.9105008385124804,-0.9267609545924956,-0.6408266485610773,0.12382562288195743,0.1154714589619725
600309,0.9656826843186586,0.07454555271104057,-0.39987603220286017,0.28282425597643773,0.6666666666666665,0.016183634992827753,27,9.476936039206723,-0.5961157897147902,0.7716096270813133,-8.511253354888066,0.19623975751193
600332,0.8660917640295496,0.06638399478777313,-0.3239947551645331,0.2640211903936855,0.5862068965517241,0.021779554030596268,30,0.4197280608181346,-0.4017416167556231,0.158962190375135,0.446363703211415,0.07774686159109002
600340,-0.7642726892264213,-0.1365726343221474,-0.9118795268876935,-0.3125236995564272,0.5517241379310345,0.00703222304423805,30,-0.8957992978971021,-0.9676127678578098,-0.33162880798873773,0.13152660867068078,0.05573324097011636
600352,-0.045520312511139756,-0.004715259944213068,-0.44373048485924504,-0.08669803325930107,0.5555555555555556,0.009557708274428698,27,1.0311949692347824,-0.6723307420997261,0.2884162125532389,-1.076715281745922,0.22860025724048108
600362,1.8900173590032994,0.11317950089915317,-0.32417033871513384,0.4424097873054964,0.7096774193548387,0.028051845487152335,32,3.435004728464829,-0.49898720020586124,0.508187904581765,-1.5449873694615297,0.17481686149072742
600369,0.38144786215033055,0.03319899168775842,-0.5125542199203689,0.12424670586219114,0.6176470588235294,0.013875534011216382,34,-0.35328569212491423,-0.6646409623348833,-0.08461874649796132,0.7347335542752448,0.15208674241451448
600372,0.3488864149441526,0.03094437179740983,-0.4604161990792353,0.11350656282804344,0.5882352941176471,0.012564920974490735,34,-0.07950605809984435,-0.5555745560539521,0.059121958567116495,0.4283924730439969,0.09515835697471679
600373,0.0440997986510816,0.004373130709458328,-0.47821611857721735,0.012269888399469625,0.5769230769230769,0.01041041876903965,26,-0.229623696328907,-0.6599483591971884,0.01917537977704543,0.2737234949799886,0.18173224061997104
600376,0.05195113550814523,0.005129993050842163,-0.5777526700460519,0.04513269612846434,0.7096774193548387,0.011370898482257072,32,-0.25646433171131533,-0.8088574856040919,0.04941179840133474,0.30841546721946056,0.23110481555803994
600383,-0.3509708364770263,-0.042733459661944535,-0.7810496093988255,-0.10187048418466672,0.6296296296296297,0.009361279757881877,28,-0.6116676315200726,-0.7980696770910838,-0.09989996279293169,0.2606967950430463,0.017020067692258323
600406,0.719308489813773,0.05895039858183049,-0.3596227499988472,0.22234541622493173,0.6296296296296297,0.0182155386421553,27,3.9265917311434286,-0.43090147674674895,0.5663828756584947,-3.2072832413296557,0.07127872674790176
600415,1.6269197340037629,0.10249619603908332,-0.5159087682179769,0.38354162925250074,0.75,0.03895926732518092,29,1.357295809975991,-0.6266384644755807,0.33648338602138145,0.26962392402777197,0.11072969625760379
600446,-0.3784461010555883,-0.04721175473084194,-0.7094787018825268,-0.073216196734822,0.5714285714285714,0.007193337011093156,29,-0.3784433096658706,-0.7909928559296815,0.07333117356904965,-2.791389717700099e-06,0.08151415404715465
600482,1.715411240153295,0.1072153427769942,-0.386910016688976,0.4171117094689737,0.7272727272727273,0.026615681971597537,33,0.3678788634017324,-0.647330326486709,0.17118077534308304,1.3475323767515623,0.260420309797733
600485,-0.9333936886095102,-0.85964668032086,-0.9454840956656717,-2.3225200617712036,0.5,0.0006734189832803505,3,-0.9239935355484918,-0.9451893728361952,-1.6957110238792057,-0.009400153061018414,-0.0002947228294765125
600489,0.7046968081785847,0.05569733201883076,-0.48981495424023047,0.21799423705788748,0.6428571428571429,0.02202948408462586,29,2.481573358788583,-0.5934797612290577,0.44912174402875693,-1.7768765506099982,0.10366480698882719
600498,0.000947198306674224,9.56950691450853e-05,-0.5493417986643395,0.019341911398029328,0.5357142857142857,0.010009571335541131,28,1.642234074414887,-0.6994473586944241,0.3687384759749505,-1.6412868761082127,0.1501055600300846
600518,-0.3227384247939956,-0.03911256501864302,-0.6158588053646594,-0.12252428867951126,0.6071428571428571,0.008379412314224075,29,-0.8690225369297923,-0.9378505362013192,-0.43495939244564147,0.5462841121357966,0.3219917308366598
600519,0.7372915909924458,0.05738845238441792,-0.44863478952334984,0.2296700163238839,0.7692307692307694,0.01799571346143629,26,6.573408098018077,-0.4748213830116608,0.757615909964539,-5.836116507025631,0.02618659348831095
600535,0.015535573959432503,0.0015593632403585467,-0.5002805114773469,-0.035065293122272655,0.7333333333333333,0.011139185073431654,31,-0.26265267476382304,-0.694144380575297,-0.0541069477156646,0.27818824872325554,0.19386386909795023
600547,1.6344339363436067,0.10407585335698988,-0.4332304176425366,0.3939500789562979,0.6666666666666665,0.019571762868601374,28,2.3766269071049546,-0.5531171558345208,0.4373960329802937,-0.742192970761348,0.11988673819198425
600570,0.3939937850828694,0.034143529500147096,-0.562833218980308,0.1664511530508389,0.625,0.012824219448994027,33,1.397773987187239,-0.7652652293958936,0.35034850634388337,-1.0037802021043696,0.2024320104155855
600582,0.6090251185878193,0.04922645858390062,-0.2759493899006305,0.19035721594998575,0.7333333333333333,0.02087620778223813,30,0.28926929169383264,-0.5408054940870254,0.1359510163338074,0.3197558268939866,0.2648561041863949
600583,1.5447329366281255,0.09896132520002364,-0.34757708646058094,0.41490459530455204,0.8,0.03234142919624152,30,0.32319182104675703,-0.50173759356806,0.15257689295409863,1.2215411155813685,0.1541605071074791
600585,1.0105099644430697,0.07310769678196438,-0.3336956272735881,0.3075542849443086,0.7647058823529411,0.016100388763106373,34,1.5455889719861955,-0.6102338468691156,0.36417992223247936,-0.5350790075431258,0.2765382195955275
600588,0.7398407213926359,0.0575695096719433,-0.6439192322056538,0.24189875321397875,0.7,0.01702181371398906,31,0.8533598439019641,-0.8433015763450882,0.30112508998193094,-0.11351912250932812,0.19938234413943434
600606,0.054769823891996916,0.005410714550072804,-0.6689071896500753,0.04668006150913569,0.5,0.010411962477339326,31,-0.8121614790496768,-0.8640080728897915,-0.40738931447422266,0.8669313029416738,0.19510088323971617
600637,-0.3657690604623346,-0.045070481583283965,-0.4956584939342477,-0.2778057351983401,0.43333333333333335,0.006403531810666642,31,-0.32540626020786223,-0.690594388345774,-0.08563750918156524,-0.040362800254472406,0.19493589441152637
600648,0.0975045061540003,0.009479477817082138,-0.40417914151530715,-0.015476228511944969,0.6206896551724138,0.011297875415306045,29,-0.2680613258300192,-0.6190039678387285,-0.08561886858133226,0.36556583198401954,0.21482482632342134
600649,-0.2330666786332215,-0.028270282222797483,-0.5609543445023323,-0.1423918999834477,0.5517241379310345,0.007917620048653243,29,-0.5872158262990523,-0.829720281798147,-0.20849169895515413,0.35414914766583083,0.2687659372958147
600654,-0.8552132639906769,-0.1956197430471649,-0.9357873548637109,-0.6757114612883862,0.6086956521739131,0.0014872312598654164,24,-0.8763029549618095,-0.9599564553834898,-0.40385700852053785,0.0210896909711326,0.024169100519778938
600660,1.801915601607225,0.10970309886703401,-0.3848852117114816,0.47126621075086783,0.6896551724137931,0.029853551415893374,30,4.972257941031188,-0.5168738339713683,0.6482380786649999,-3.1703423394239634,0.13198862225988678
600663,-0.19733519865287696,-0.0228585360642638,-0.4367796989353829,-0.1398722724577967,0.5333333333333333,0.008066257710931907,30,-0.40612414285897536,-0.5725548484117364,-0.1367753518910416,0.2087889442060984,0.1357751494763535
600666,0.32301193158799113,0.03230411714377568,-0.7377941308059603,0.13625755783810833,0.47368421052631576,0.012005779317224838,19,-0.6640894551239171,-0.9622740132597006,-0.05987339203377699,0.9871013867119083,0.22447988245374034
600674,0.5453872273600313,0.04495747181830434,-0.2193774760750313,0.17616708561426472,0.7307692307692306,0.019796805637621418,27,1.5891521204241301,-0.3014788235016771,0.41578932084908293,-1.0437648930640986,0.0821013474266458
600685,-0.19965311745197167,-0.02340405003805246,-0.6755311502623058,-0.02856856793691143,0.5555555555555556,0.00880951120921205,27,0.45290099314380394,-0.7757071450744413,0.22698590539673583,-0.6525541105957755,0.10017599481213538
600688,0.3906126073016911,0.03387551807217837,-0.34006310501116943,0.10950984795977277,0.6756756756756757,0.01604823388151412,37,-0.24805260002002782,-0.6074489840977008,-0.07859223621030817,0.6386652073217189,0.26738587908653133
600690,2.882770997589625,0.1470191555546274,-0.31435054152526337,0.632929950685999,0.7741935483870968,0.03501437797784723,32,2.797948620092214,-0.4594156301151097,0.48862384163613104,0.08482237749741102,0.14506508858984635
600703,0.15999381729729056,0.015107453429898499,-0.5676454000522286,0.09994955443028275,0.6538461538461539,0.011072348003605119,26,0.6202768328804502,-0.7855320871654589,0.2602441889668294,-0.4602830155831596,0.2178866871132302
600704,0.2580438464169208,0.02346349527047331,-0.3310197224516959,0.059074124933804296,0.6129032258064516,0.013890198000008963,31,0.3596812576751198,-0.6391894744248224,0.15262721453437386,-0.10163741125819904,0.3081697519731265
600705,0.5595349947533579,0.05066283585706999,-0.42593514722695697,0.20009438345792793,0.4642857142857143,0.015577334279874542,29,-0.16724463568752726,-0.6851299418634569,0.02215997187880811,0.7267796304408851,0.25919479463649997
600718,-0.4026212139429431,-0.0509040955107195,-0.6395847389916236,-0.19439633701181508,0.48275862068965514,0.006465703991958744,30,-0.3596343662052426,-0.6902686400947776,-0.012181176208458534,-0.042986847737700555,0.05068390110315406
600737,0.3513135358190762,0.031067557447531202,-0.37395769812177126,0.10714387197334803,0.625,0.016662844414497568,33,0.8441652960554207,-0.5082205715968932,0.26195334295050277,-0.49285176023634447,0.13426287347512186
600739,1.296959632057697,0.08791080326015965,-0.4791653692621209,0.3486216009030579,0.696969696969697,0.018045161617435218,33,-0.17224694250421813,-0.7564708316900873,0.009186172627001067,1.4692065745619152,0.2773054624279665
600741,1.2167408590843185,0.08374697875464321,-0.41963139891614276,0.3506571499807608,0.7741935483870968,0.023021508832652672,31,1.1924057053776282,-0.5518205801291173,0.31349589214118473,0.024335153706690277,0.1321891812129745
600754,-0.23935584055142733,-0.027262496538391523,-0.5069251328230359,-0.08879733486035331,0.64,0.008127521433536834,25,-0.14717991903180827,-0.6728591367903207,0.0776815681023446,-0.09217592151961906,0.16593400396728492
600783,-0.02604968952830422,-0.002663158076794403,-0.5977923661645269,0.0377838679070848,0.4482758620689655,0.0102980542348821,30,0.1348792485658845,-0.6889976446892825,0.1786883006844004,-0.16092893809418876,0.09120527852475561
600795,1.1034628620792564,0.08018123670949961,-0.25056976949763077,0.3716360616954576,0.7666666666666667,0.03227072045114727,31,1.181552350997344,-0.5091010656845892,0.3192971927417214,-0.07808948891808769,0.25853129618695847
600804,-0.9284143106461837,-0.2530772114268932,-0.9340310479408003,-0.5690520296500086,0.6071428571428571,0.008659388358106054,29,-0.9923821850698534,-0.9939977285964464,-0.7664795346204055,0.06396787442366972,0.0599666806556462
600816,-0.6587615014111883,-0.1050667349661153,-0.8294119679154123,-0.2700443431767792,0.48148148148148145,0.006399422629811523,28,-0.45731769801753297,-0.9002958133484185,-0.026047606098924363,-0.20144380339365534,0.0708838454330062
600820,0.0790287913720984,0.007714152650371675,-0.31229846459756205,-0.0941224421341088,0.6296296296296297,0.01139635951881096,27,0.19986114051460135,-0.5444862242830202,0.06910302654954174,-0.12083234914250295,0.2321877596854581
600827,-0.08591060256161132,-0.009034239184448234,-0.6945126641592428,0.006601904695033825,0.4074074074074074,0.010099800695212182,28,-0.21539895988714564,-0.7412323232882949,0.04310298474120644,0.1294883573255343,0.04671965912905208
600837,-0.4517355768710214,-0.06628260951560039,-0.541859377931116,-0.4471814900959336,0.5384615384615384,0.006034100080337752,27,-0.046824272335142636,-0.5322942692481979,0.01509371404879849,-0.40491130453587876,-0.00956510868291815
600839,-0.006827408423495385,-0.0006919054064489227,-0.4483237728863048,0.01726720829832002,0.48484848484848486,0.009923171362313646,34,1.9253058987793699,-0.5551551237399079,0.3936600140103015,-1.9321333072028652,0.10683135085360312
600867,-0.47854407332301896,-0.0639478455613246,-0.7034683433122275,-0.26477209861951495,0.5769230769230769,0.0061193711232603795,26,-0.15872390357826427,-0.6927899527028396,0.021521442475029455,-0.3198201697447547,-0.010678390609387946
600871,0.44349893291899956,0.038247592122052865,-0.42645856826508216,0.13469254645809733,0.6129032258064516,0.015578576363221712,31,-0.2385892116182573,-0.6820809248554912,-0.022513361358188867,0.6820881445372567,0.255622356590409
600873,0.6868805387506416,0.05544451856084409,-0.4630762174460463,0.21352286981710575,0.7,0.01838169197598891,30,1.1027295868138491,-0.545635249211944,0.3000747183507575,-0.41584904806320766,0.08255903176589761
600875,0.2805657683422642,0.026106539400303275,-0.42536316306433725,0.08553187404918225,0.5714285714285714,0.012427593295359756,28,3.896668599023649,-0.5008920606601248,0.5312170194616431,-3.6161028306813847,0.07552889759578754
600886,0.22702057228548012,0.02088490960011158,-0.2410352527006303,0.005967810672860236,0.5862068965517241,0.013796135225993642,30,1.8805670040704263,-0.2890917756406406,0.4404393014716174,-1.6535464317849462,0.04805652294001028
600887,-0.24063312748758256,-0.027675248126139862,-0.4601815817582836,-0.21659633294788963,0.625,0.007742905720446977,25,1.7002725938061507,-0.5315918406967524,0.3874081095170974,-1.9409057212937333,0.07141025893846872
600893,0.9795287550980718,0.07228914233240302,-0.5268077346742245,0.2793741448005044,0.5483870967741935,0.016442966170370256,31,0.75017049143666,-0.6150882897020933,0.25819128583034107,0.22935826366141185,0.08828055502786882
600895,0.7417376082782496,0.05766153137183139,-0.5459719256532645,0.23408504957937848,0.6785714285714286,0.017396083760553804,29,1.2350928055194133,-0.6376896796933086,0.3316365052052616,-0.49335519724116367,0.09171775404004415
600900,0.5791671854549385,0.047422878828411896,-0.14688175930293582,0.211583874545248,0.75,0.032827340482944944,24,2.2334638200000985,-0.17540239372678507,0.6137570695271256,-1.65429663454516,0.028520634423849243
600958,0.10715518966449376,0.01038041719336813,-0.5356891886722954,0.0504401468749779,0.6666666666666665,0.011276921982261408,31,-0.35501914495299736,-0.646398885978503,-0.05350622879795064,0.4621743346174911,0.1107096973062076
600959,-0.49082297691705973,-0.0686258383745586,-0.6035139654297653,-0.48481723534202703,0.43333333333333335,0.0038355737169576396,30,-0.6000909171082783,-0.7654835384613508,-0.3314499963311389,0.10926794019121858,0.1619695730315854
600999,0.9051864958569225,0.06743337946889749,-0.40598663400794793,0.27171975247278074,0.59375,0.019640890384255576,32,0.4999355269648491,-0.5378058171720206,0.1815234270309258,0.40525096889207335,0.1318191831640727
601006,0.5477799662692455,0.04512081796643019,-0.23556347902404845,0.18021460842309045,0.7647058823529411,0.017858620932303684,34,0.4170780015432225,-0.2863394674901847,0.11462929286912876,0.13070196472602305,0.050775988466136256
601009,1.485474330272675,0.09638995286120933,-0.20393303639758575,0.5139513027141971,0.75,0.05171277240067512,32,1.8910586785296477,-0.3523867492258437,0.44584651379983936,-0.40558434825697276,0.14845371282825792
601018,0.6929006229238461,0.05474281087847954,-0.39749995636309454,0.21906226083768504,0.6388888888888888,0.019429123161416217,36,-0.10433288219950466,-0.5204358833266278,-0.041487841340520755,0.7972335051233509,0.12293592696353323
601021,0.25730928934668196,0.023461828427963738,-0.3845049506751582,0.0751759669820378,0.5357142857142857,0.01262535007735258,28,0.26142063087086354,-0.4381355852279195,0.14071754928337024,-0.004111341524181569,0.053630634552761264
601088,2.188443983440539,0.12832401277574368,-0.22895554181072075,0.6456535416391543,0.7586206896551724,0.07046058696812808,29,5.845881671368639,-0.43523144404059044,0.7216609589137581,-3.6574376879281005,0.20627590222986972
601099,1.3658693615306676,0.0912528413517013,-0.5043733715243712,0.3430338464392232,0.5666666666666667,0.023020298018009103,31,-0.0062399790586229464,-0.6939188908366386,0.09387121602812266,1.3721093405892908,0.18954551931226732
601111,0.4455249477888634,0.037944671616789494,-0.46602616145603903,0.1483519500284318,0.5625,0.01332791747990976,32,0.2687178029036037,-0.5550262913864055,0.15335244650302313,0.17680714488525973,0.08900012993036639
601118,0.15084464681777354,0.015045490866202327,-0.33232598828211857,0.0031405809821862607,0.6,0.012333456834901908,25,0.30375330344196083,-0.5143947309354142,0.16049953006342835,-0.1529086566241873,0.18206874265329567
601127,2.899480787336969,0.1531317114256714,-0.6703665129387621,0.47690915694475394,0.5806451612903226,0.027255974142642966,32,11.592970193274896,-0.8118143555490782,0.6969193851309777,-8.693489405937926,0.14144784261031604
601155,0.7969872958927301,0.06100374839539957,-0.6517271393506415,0.24414999995910439,0.65625,0.012451973095686901,32,0.9495428763570934,-0.83431592838009,0.30623689396301884,-0.15255558046436335,0.18258878902944858
601166,0.6665383575217415,0.05304573459326489,-0.2650025901272256,0.21264284785736917,0.7096774193548387,0.018515823344718185,32,1.015829323710574,-0.40615016890697875,0.2920866861529616,-0.3492909661888325,0.14114757877975315
601169,0.2780882051666682,0.025172873672425267,-0.2068190978885796,0.00026682109708544134,0.71875,0.015557340989759558,33,0.270061811865955,-0.3833547623243048,0.04329234902412868,0.008026393300713188,0.1765356644357252
601186,0.4311919113985032,0.03688430460587799,-0.3842503361613086,0.1271896657528066,0.5172413793103449,0.018849159130626892,30,-0.12421315641786969,-0.4492448111859556,-0.007911996414703205,0.5554050678163729,0.06499447502464697
601198,0.7261219236348699,0.0571599312229758,-0.5827149584211231,0.2232167512853448,0.625,0.01745569266516385,32,-0.24608029037496304,-0.7097191162486303,-0.01573934542521329,0.9722022140098331,0.12700415782750718
601211,0.5788141012913921,0.04756028665868883,-0.318276044597618,0.17914437686980708,0.7142857142857143,0.022761770172812182,29,0.4136427831590821,-0.3657801738897117,0.1471668963811897,0.16517131813231004,0.047504129292093716
601216,-0.11642630183632562,-0.01286538869364684,-0.6454110855829843,-0.04214865362925152,0.5333333333333333,0.008744121830614418,30,1.7909925543329197,-0.6328157141628522,0.3815705564008231,-1.9074188561692456,-0.012595371420132152
601225,2.6855490807244164,0.14086496310102992,-0.2286268174475676,0.6264218822366853,0.8214285714285714,0.032553620437360056,29,8.56909281970176,-0.33120255693168205,0.7418641926623558,-5.883543738977344,0.10257573948411444
601258,-0.7790435562819684,-0.19081970689721472,-0.8229824360535605,-0.7008947952317826,0.45,0.00590231629837447,21,-0.852592295492364,-0.9023117587704741,-0.6648827735236366,0.07354873921039569,0.07932932271691356
601288,0.9669770435851974,0.07073701169504476,-0.21473409689314515,0.45006231095792615,0.8518518518518519,0.08739055239985138,28,2.6622026074893497,-0.26841160271143066,0.6955522901747058,-1.6952255639041522,0.05367750581828552
601318,-0.25257730528766287,-0.028984228215147345,-0.5164173809142564,-0.2860118000171516,0.6521739130434783,0.007423931348780918,24,1.8715021667153966,-0.5767538390767024,0.42134255916580715,-2.1240794720030594,0.06033645816244601
601328,0.2450211247347227,0.022388115192242486,-0.18203516957988078,-0.030219004197234833,0.6666666666666665,0.020333491590295155,28,1.2007784481700017,-0.27548551375356756,0.38775076288070204,-0.9557573234352791,0.09345034417368676
601333,-0.3306443629146423,-0.0397463704183747,-0.4536485616400089,-0.3515560190476166,0.5333333333333333,0.00637097549022032,31,-0.02791125390568583,-0.6482084148839858,0.010528818430982535,-0.30273310900895645,0.19455985324397695
601336,0.5887717533372656,0.04788453486967725,-0.4195476462647996,0.18612712196551606,0.7741935483870968,0.014762333365591317,32,1.6582518610283659,-0.6335001901365196,0.37039991617849094,-1.0694801076911002,0.21395254387171994
601377,1.630681449757939,0.1030570683310421,-0.4933627798270242,0.3961623938619965,0.657142857142857,0.02025653009268746,36,0.08655178656697293,-0.5507157463978334,0.09359291001777618,1.544129663190966,0.057352966570809155
601390,0.29678507974402857,0.02744145332716319,-0.4512055697128046,0.06882184737663856,0.6666666666666665,0.013242178070414605,33,-0.026272913764676775,-0.48889562322083785,0.01782828783817752,0.3230579935087053,0.037690053508033186
601398,0.38110626153636473,0.03315926212793463,-0.2802701853127512,0.07631652229545771,0.7916666666666665,0.023602387579009187,25,1.7640765926479092,-0.3445161290322581,0.5168101665232949,-1.3829703311115444,0.06424594371950686
601555,0.1508515433463129,0.014385908009210358,-0.6454606697125344,0.028428305127238616,0.7096774193548387,0.011477234500389576,31,0.1728853007436357,-0.6680925763313836,0.12152177238880699,-0.0220337573973228,0.0226319066188492
601600,1.7562391565677082,0.11316409211421764,-0.37823632503345683,0.4421914119383339,0.7419354838709676,0.0306827640601636,31,2.365263006553625,-0.6613300492610837,0.43198635939012864,-0.6090238499859165,0.28309372422762685
601601,0.645383729681638,0.0515978166006017,-0.5018816304725418,0.20298622178440082,0.75,0.017172450953834063,29,1.243468620934573,-0.5720844074467314,0.32060574690967286,-0.5980848912529351,0.07020277697418961
601607,0.4502036531274436,0.038267646421885626,-0.2853284896606145,0.13017015659853334,0.6428571428571429,0.0173726166250638,29,0.34637157365823845,-0.4285386664766561,0.1341479992756673,0.10383207946920514,0.14321017681604162
601608,-0.13181376730549133,-0.014591358721050107,-0.4981778898494404,-0.08146822129662107,0.5151515151515151,0.008621087016249205,33,0.6618997084504301,-0.6619084380099296,0.24528979384615035,-0.7937134757559214,0.16373054816048926
601611,0.9365405076277614,0.07086384308479898,-0.6093160466522836,0.27624286367217454,0.6333333333333333,0.02001072678348099,31,2.577840721271948,-0.7426231943282187,0.4538439988066121,-1.6413002136441868,0.13330714767593513
601618,0.557085314596472,0.0457539197216803,-0.3562585663566828,0.17314792624410041,0.5806451612903226,0.01498552777340892,31,-0.0491919042879021,-0.5502087182476687,0.039867686554826975,0.6062772188843741,0.19395015189098594
601628,1.6575816479435872,0.10378954633982662,-0.4079161352429688,0.4196733068962888,0.6666666666666665,0.019183416358871143,30,1.321208077828035,-0.526074998405546,0.3305309523946799,0.33637357011555225,0.11815886316257711
601633,0.1696781853016884,0.01599370908296538,-0.6803239357781156,0.07985836636145947,0.5666666666666667,0.010861183948720186,31,1.8813457084948024,-0.7038048397960344,0.39045925346580906,-1.711667523193114,0.02348090401791879
601668,1.6194669551246665,0.10217978083833046,-0.23979033790337165,0.48166410097049817,0.7666666666666667,0.0365591951731284,31,0.891612024425513,-0.3474092492071749,0.2614020133764137,0.7278549306991535,0.10761891130380324
601669,0.20181796049001122,0.01880923992689354,-0.4531231719360129,0.05777097308439634,0.48275862068965514,0.011124478171828274,30,0.1320136675075667,-0.5913265066118262,0.10377225902221306,0.0698042929824445,0.13820333467581322
601688,0.8525705257553485,0.06427419337018025,-0.30944994048831437,0.2593620026133094,0.6764705882352942,0.021835191204514378,35,0.7950976032504515,-0.4725362285892697,0.2476302160700623,0.05747292250489707,0.1630862881009553
601718,-0.2833488473844713,-0.03309988216897175,-0.6346342406047575,-0.17094025980350336,0.5357142857142857,0.007837473802268536,29,-0.5876511203158863,-0.7602069892343635,-0.1988406219285437,0.304302272931415,0.12557274862960596
601727,0.3187149114804275,0.031116780661268217,-0.4052726274451784,0.1034729160612626,0.5185185185185185,0.012401606124860187,28,0.1576745258477441,-0.6134002314163997,0.11991124225287582,0.16104038563268339,0.20812760397122126
601766,0.2877315888039962,0.025975737187228676,-0.31185781261918494,0.057651382057704696,0.59375,0.01361778368910411,33,-0.20097345897344854,-0.5833711442703479,-0.08136424661547197,0.4887050477774447,0.2715133316511629
601788,0.47499594344129403,0.04004730683758084,-0.5883892562099313,0.1646638615404438,0.5483870967741935,0.013936582023717057,32,0.1770622689292365,-0.6385209065489443,0.13421262197474443,0.29793367451205754,0.05013165033901302
601800,0.5682274295218881,0.04650752905140476,-0.37883675803518957,0.18213059301158308,0.6428571428571429,0.014823908024148647,29,-0.08610498834007452,-0.6397538182907695,0.05214332091851595,0.6543324178619626,0.26091706025558
601818,0.6557761440908911,0.052266966603735865,-0.2494568816719225,0.23239129056919386,0.7272727272727273,0.023139957340875438,34,0.5061985089304182,-0.31575747744470906,0.15572960574568,0.14957763516047293,0.06630059577278655
601857,0.8373362937721877,0.06338670154594395,-0.41370677193660754,0.28902904941358476,0.7575757575757575,0.019384433405676582,33,1.2847068324282276,-0.537379881790402,0.33859690105938817,-0.44737053865604,0.1236731098537944
601866,-0.2769837264239682,-0.032433043911770265,-0.44779050688234145,-0.18795596931844966,0.48484848484848486,0.006109662970195806,33,-0.205121759024104,-0.6399784090598913,0.0006749035848733522,-0.07186196739986418,0.19218790217754994
601872,1.9017239462518,0.11874742239221936,-0.34184560953480914,0.4549675449396659,0.7333333333333333,0.026707108795905078,30,4.221953458363737,-0.4529558764500997,0.5406402261266803,-2.3202295121119376,0.11111026691529062
601877,0.16057982971224227,0.015190809603610411,-0.5276061019464764,0.052966557021622895,0.6785714285714286,0.011425455601380953,28,1.5357002669142386,-0.7138803984662486,0.3568342854919552,-1.3751204372019965,0.18627429651977223
601888,-0.17916893503283027,-0.019749708166753033,-0.7698640341667268,-0.03960293820829664,0.6666666666666665,0.008949086897188261,24,3.111057478140072,-0.8555323816647044,0.47860795453888405,-3.290226413172902,0.08566834749797764
601899,0.853470639581466,0.06443605896121363,-0.4225385191565813,0.262689872542809,0.6666666666666665,0.02859170790265526,24,12.535877145197551,-0.4720661426135685,0.8163818793742695,-11.682406505616084,0.049527623456987156
601901,0.675040386771883,0.053701978816669715,-0.4783049224812734,0.21164142579618353,0.5666666666666667,0.017307379644954428,31,0.1329337325102593,-0.5580698319023527,0.11332146436022841,0.5421066542616237,0.07976490942107936
601919,4.334717946853342,0.18843578125645966,-0.4467268717939127,0.6504316165096563,0.8484848484848484,0.05897685949410278,33,5.110855311765582,-0.6184690157958688,0.5846341308238133,-0.7761373649122402,0.1717421440019561
601928,-0.07998329746034027,-0.008386919025161643,-0.4240104119426052,-0.09582211459632226,0.52,0.010528359282963385,26,0.37745207084381804,-0.5101717954056594,0.1571562325428337,-0.4574353683041583,0.08616138346305419
601933,-0.4182168354512039,-0.053360773702223696,-0.814335380359275,-0.19346232062263224,0.5217391304347826,0.007240522325477302,24,0.13552771698958832,-0.8101496345351397,0.14196465421558924,-0.5537445524407922,-0.004185745824135267
601939,1.0043660073311358,0.07277592695646762,-0.2949356010540216,0.38359054460645364,0.7878787878787878,0.03453571053664088,34,2.201292748393122,-0.3659531090723751,0.5506173501745718,-1.1969267410619864,0.0710175080183535
601958,0.5366804797416849,0.04436115927788009,-0.39586684434285924,0.1680413006359678,0.6785714285714286,0.01631645997420826,28,3.218971703058129,-0.4452414178491988,0.5011625905813634,-2.682291223316444,0.04937457350633956
601985,0.22521401583955836,0.020732953409394295,-0.3727787354509744,0.007757567433417072,0.8,0.013259536369290188,31,0.5359403937957394,-0.4722504795582798,0.1751752649678622,-0.3107263779561811,0.0994717441073054
601988,0.5666890723635327,0.046403767514259675,-0.20232930865255022,0.21405389565000527,0.7333333333333333,0.03846771902367133,31,1.7521225042742148,-0.2710084033613447,0.5373263352522157,-1.185433431910682,0.06867909470879446
601989,-0.26962995391890576,-0.0350591187456728,-0.4306772440529554,-0.24907558005747596,0.5652173913043478,0.0066896922309253185,23,-0.15525722848045942,-0.5753801205183626,-0.035338757668854484,-0.11437272543844636,0.14470287646540725
601998,1.3723669764137187,0.09120154553638216,-0.19293806995380128,0.4436928886910591,0.75,0.036734092145260876,37,1.032923967041342,-0.36052041544996927,0.29651658847539425,0.33944300937237687,0.167582345496168
603000,1.136049025462817,0.07969459428904391,-0.6485017646537954,0.30507881229610584,0.5,0.015110042437032907,29,0.34406285684392235,-0.7173496697132968,0.23398474136142955,0.7919861686188946,0.0688479050595015
603885,-0.03934517877726584,-0.004047181725047588,-0.49452673180081397,0.019617223590597498,0.5714285714285714,0.010400209803775365,29,-0.1273909109644319,-0.6017175971294342,0.0642879254876438,0.08804573218716605,0.10719086532862022
603993,1.7769778618161007,0.10955711952411695,-0.5790776619357609,0.39488076963230395,0.8064516129032258,0.02599379735557945,31,6.51792461688902,-0.6401681701855366,0.6134839015109564,-4.740946755072919,0.06109050824977572
