股票代码,原数量,现数量,删除数量,原开始,原结束,现开始,现结束
000001,2428,2424,4,2026/3/5,2016/3/7,2026-03-05,2016-03-11
000002,2426,2425,1,2026-03-06,2016-03-10,2026-03-06,2016-03-11
000008,2426,2425,1,2026-03-06,2016-03-10,2026-03-06,2016-03-11
000009,2426,2425,1,2026-03-06,2016-03-10,2026-03-06,2016-03-11
000027,2426,2425,1,2026-03-06,2016-03-10,2026-03-06,2016-03-11
000039,2426,2425,1,2026-03-06,2016-03-10,2026-03-06,2016-03-11
000060,2426,2425,1,2026-03-06,2016-03-10,2026-03-06,2016-03-11
000061,2426,2425,1,2026-03-06,2016-03-10,2026-03-06,2016-03-11
000063,2426,2425,1,2026-03-06,2016-03-10,2026-03-06,2016-03-11
000069,2426,2425,1,2026-03-06,2016-03-10,2026-03-06,2016-03-11
000100,2426,2425,1,2026-03-06,2016-03-10,2026-03-06,2016-03-11
000156,2426,2425,1,2026-03-06,2016-03-10,2026-03-06,2016-03-11
000157,2426,2425,1,2026-03-06,2016-03-10,2026-03-06,2016-03-11
000166,2426,2425,1,2026-03-06,2016-03-10,2026-03-06,2016-03-11
000333,2426,2425,1,2026-03-06,2016-03-10,2026-03-06,2016-03-11
000338,2426,2425,1,2026-03-06,2016-03-10,2026-03-06,2016-03-11
000402,2426,2425,1,2026-03-06,2016-03-10,2026-03-06,2016-03-11
000413,2087,2086,1,2024-10-11,2016-03-10,2024-10-11,2016-03-11
000415,2426,2425,1,2026-03-06,2016-03-10,2026-03-06,2016-03-11
000423,2426,2425,1,2026-03-06,2016-03-10,2026-03-06,2016-03-11
000425,2426,2425,1,2026-03-06,2016-03-10,2026-03-06,2016-03-11
000503,2426,2425,1,2026-03-06,2016-03-10,2026-03-06,2016-03-11
000538,2426,2425,1,2026-03-06,2016-03-10,2026-03-06,2016-03-11
000540,1778,1777,1,2023-06-30,2016-03-10,2023-06-30,2016-03-11
000555,2426,2425,1,2026-03-06,2016-03-10,2026-03-06,2016-03-11
000559,2426,2425,1,2026-03-06,2016-03-10,2026-03-06,2016-03-11
000568,2426,2425,1,2026-03-06,2016-03-10,2026-03-06,2016-03-11
000623,2426,2425,1,2026-03-06,2016-03-10,2026-03-06,2016-03-11
000625,2426,2425,1,2026-03-06,2016-03-10,2026-03-06,2016-03-11
000627,2326,2325,1,2025-09-29,2016-03-10,2025-09-29,2016-03-11
000630,2426,2425,1,2026-03-06,2016-03-10,2026-03-06,2016-03-11
000651,2426,2425,1,2026-03-06,2016-03-10,2026-03-06,2016-03-11
000671,1811,1810,1,2023-08-16,2016-03-10,2023-08-16,2016-03-11
000686,2426,2425,1,2026-03-06,2016-03-10,2026-03-06,2016-03-11
000709,2426,2425,1,2026-03-06,2016-03-10,2026-03-06,2016-03-11
000712,2426,2425,1,2026-03-06,2016-03-10,2026-03-06,2016-03-11
000718,2426,2425,1,2026-03-06,2016-03-10,2026-03-06,2016-03-11
000725,2426,2425,1,2026-03-06,2016-03-10,2026-03-06,2016-03-11
000728,2426,2425,1,2026-03-06,2016-03-10,2026-03-06,2016-03-11
000738,2426,2425,1,2026-03-06,2016-03-10,2026-03-06,2016-03-11
000750,2426,2425,1,2026-03-06,2016-03-10,2026-03-06,2016-03-11
000768,2426,2425,1,2026-03-06,2016-03-10,2026-03-06,2016-03-11
000776,2426,2425,1,2026-03-06,2016-03-10,2026-03-06,2016-03-11
000778,2426,2425,1,2026-03-06,2016-03-10,2026-03-06,2016-03-11
000783,2426,2425,1,2026-03-06,2016-03-10,2026-03-06,2016-03-11
000792,2426,2425,1,2026-03-06,2016-03-10,2026-03-06,2016-03-11
000793,2426,2425,1,2026-03-06,2016-03-10,2026-03-06,2016-03-11
000800,2426,2425,1,2026-03-06,2016-03-10,2026-03-06,2016-03-11
000826,2426,2425,1,2026-03-06,2016-03-10,2026-03-06,2016-03-11
000839,2426,2425,1,2026-03-06,2016-03-10,2026-03-06,2016-03-11
000858,2426,2425,1,2026-03-06,2016-03-10,2026-03-06,2016-03-11
000876,2426,2425,1,2026-03-06,2016-03-10,2026-03-06,2016-03-11
000895,2426,2425,1,2026-03-06,2016-03-10,2026-03-06,2016-03-11
000917,2426,2425,1,2026-03-06,2016-03-10,2026-03-06,2016-03-11
000938,2426,2425,1,2026-03-06,2016-03-10,2026-03-06,2016-03-11
000963,2426,2425,1,2026-03-06,2016-03-10,2026-03-06,2016-03-11
000977,2426,2425,1,2026-03-06,2016-03-10,2026-03-06,2016-03-11
000983,2426,2425,1,2026-03-06,2016-03-10,2026-03-06,2016-03-11
001979,2426,2425,1,2026-03-06,2016-03-10,2026-03-06,2016-03-11
002007,2426,2425,1,2026-03-06,2016-03-10,2026-03-06,2016-03-11
002008,2426,2425,1,2026-03-06,2016-03-10,2026-03-06,2016-03-11
002024,2426,2425,1,2026-03-06,2016-03-10,2026-03-06,2016-03-11
002027,2426,2425,1,2026-03-06,2016-03-10,2026-03-06,2016-03-11
002049,2426,2425,1,2026-03-06,2016-03-10,2026-03-06,2016-03-11
002065,2426,2425,1,2026-03-06,2016-03-10,2026-03-06,2016-03-11
002074,2426,2425,1,2026-03-06,2016-03-10,2026-03-06,2016-03-11
002081,2426,2425,1,2026-03-06,2016-03-10,2026-03-06,2016-03-11
002085,2426,2425,1,2026-03-06,2016-03-10,2026-03-06,2016-03-11
002129,2426,2425,1,2026-03-06,2016-03-10,2026-03-06,2016-03-11
002131,2426,2425,1,2026-03-06,2016-03-10,2026-03-06,2016-03-11
002142,2426,2425,1,2026-03-06,2016-03-10,2026-03-06,2016-03-11
002146,2426,2425,1,2026-03-06,2016-03-10,2026-03-06,2016-03-11
002152,2426,2425,1,2026-03-06,2016-03-10,2026-03-06,2016-03-11
002153,2426,2425,1,2026-03-06,2016-03-10,2026-03-06,2016-03-11
002174,2426,2425,1,2026-03-06,2016-03-10,2026-03-06,2016-03-11
002183,2426,2425,1,2026-03-06,2016-03-10,2026-03-06,2016-03-11
002195,2426,2425,1,2026-03-06,2016-03-10,2026-03-06,2016-03-11
002202,2426,2425,1,2026-03-06,2016-03-10,2026-03-06,2016-03-11
002230,2426,2425,1,2026-03-06,2016-03-10,2026-03-06,2016-03-11
002236,2426,2425,1,2026-03-06,2016-03-10,2026-03-06,2016-03-11
002241,2426,2425,1,2026-03-06,2016-03-10,2026-03-06,2016-03-11
002252,2426,2425,1,2026-03-06,2016-03-10,2026-03-06,2016-03-11
002292,2426,2425,1,2026-03-06,2016-03-10,2026-03-06,2016-03-11
002299,2426,2425,1,2026-03-06,2016-03-10,2026-03-06,2016-03-11
002304,2426,2425,1,2026-03-06,2016-03-10,2026-03-06,2016-03-11
002310,2426,2425,1,2026-03-06,2016-03-10,2026-03-06,2016-03-11
002385,2426,2425,1,2026-03-06,2016-03-10,2026-03-06,2016-03-11
002415,2426,2425,1,2026-03-06,2016-03-10,2026-03-06,2016-03-11
002424,2426,2425,1,2026-03-06,2016-03-10,2026-03-06,2016-03-11
002426,2426,2425,1,2026-03-06,2016-03-10,2026-03-06,2016-03-11
002450,1272,1271,1,2021-05-31,2016-03-10,2021-05-31,2016-03-11
002456,2426,2425,1,2026-03-06,2016-03-10,2026-03-06,2016-03-11
002465,2426,2425,1,2026-03-06,2016-03-10,2026-03-06,2016-03-11
002466,2426,2425,1,2026-03-06,2016-03-10,2026-03-06,2016-03-11
002470,2426,2425,1,2026-03-06,2016-03-10,2026-03-06,2016-03-11
002475,2426,2425,1,2026-03-06,2016-03-10,2026-03-06,2016-03-11
002500,2426,2425,1,2026-03-06,2016-03-10,2026-03-06,2016-03-11
002568,2426,2425,1,2026-03-06,2016-03-10,2026-03-06,2016-03-11
002594,2426,2425,1,2026-03-06,2016-03-10,2026-03-06,2016-03-11
002673,2426,2425,1,2026-03-06,2016-03-10,2026-03-06,2016-03-11
002714,2426,2425,1,2026-03-06,2016-03-10,2026-03-06,2016-03-11
002736,2426,2425,1,2026-03-06,2016-03-10,2026-03-06,2016-03-11
002739,2426,2425,1,2026-03-06,2016-03-10,2026-03-06,2016-03-11
002797,2384,2384,0,2026-03-06,2016-05-11,2026-03-06,2016-05-11
300002,2426,2425,1,2026-03-06,2016-03-10,2026-03-06,2016-03-11
300015,2426,2425,1,2026-03-06,2016-03-10,2026-03-06,2016-03-11
300017,2426,2425,1,2026-03-06,2016-03-10,2026-03-06,2016-03-11
300024,2426,2425,1,2026-03-06,2016-03-10,2026-03-06,2016-03-11
300027,2426,2425,1,2026-03-06,2016-03-10,2026-03-06,2016-03-11
300033,2426,2425,1,2026-03-06,2016-03-10,2026-03-06,2016-03-11
300058,2426,2425,1,2026-03-06,2016-03-10,2026-03-06,2016-03-11
300059,2426,2425,1,2026-03-06,2016-03-10,2026-03-06,2016-03-11
300070,2426,2425,1,2026-03-06,2016-03-10,2026-03-06,2016-03-11
300072,2426,2425,1,2026-03-06,2016-03-10,2026-03-06,2016-03-11
300085,2426,2425,1,2026-03-06,2016-03-10,2026-03-06,2016-03-11
300104,1064,1063,1,2020-07-21,2016-03-10,2020-07-21,2016-03-11
300124,2426,2425,1,2026-03-06,2016-03-10,2026-03-06,2016-03-11
300133,2426,2425,1,2026-03-06,2016-03-10,2026-03-06,2016-03-11
300144,2426,2425,1,2026-03-06,2016-03-10,2026-03-06,2016-03-11
300146,2426,2425,1,2026-03-06,2016-03-10,2026-03-06,2016-03-11
300168,2426,2425,1,2026-03-06,2016-03-10,2026-03-06,2016-03-11
300182,2426,2425,1,2026-03-06,2016-03-10,2026-03-06,2016-03-11
300251,2426,2425,1,2026-03-06,2016-03-10,2026-03-06,2016-03-11
300315,2426,2425,1,2026-03-06,2016-03-10,2026-03-06,2016-03-11
600000,6258,2425,3833,2026-03-06,1999-11-10,2026-03-06,2016-03-11
600005,4063,142,3921,2017-01-23,1999-08-03,2017-01-23,2016-03-11
600008,6172,2409,3763,2026-03-06,2000-04-27,2026-03-06,2016-03-11
600009,6744,2414,4330,2026-03-06,1998-02-18,2026-03-06,2016-03-11
600010,5944,2416,3528,2026-03-06,2001-03-09,2026-03-06,2016-03-11
600015,5358,2425,2933,2026-03-06,2003-09-12,2026-03-06,2016-03-11
600016,6047,2425,3622,2026-03-06,2000-12-19,2026-03-06,2016-03-11
600018,4629,2422,2207,2026-03-06,2006-10-26,2026-03-06,2016-03-11
600019,5959,2333,3626,2026-03-06,2000-12-12,2026-03-06,2016-03-11
600021,5265,2348,2917,2026-03-06,2003-10-29,2026-03-06,2016-03-11
600023,2967,2425,542,2026-03-06,2013-12-19,2026-03-06,2016-03-11
600028,5908,2425,3483,2026-03-06,2001-08-08,2026-03-06,2016-03-11
600029,5389,2422,2967,2026-03-06,2003-07-25,2026-03-06,2016-03-11
600030,5524,2408,3116,2026-03-06,2003-01-06,2026-03-06,2016-03-11
600031,5457,2425,3032,2026-03-06,2003-07-03,2026-03-06,2016-03-11
600036,5730,2425,3305,2026-03-06,2002-04-09,2026-03-06,2016-03-11
600037,6007,2419,3588,2026-03-06,2001-02-08,2026-03-06,2016-03-11
600038,5946,2415,3531,2026-03-06,2000-12-18,2026-03-06,2016-03-11
600048,4736,2418,2318,2026-03-06,2006-07-31,2026-03-06,2016-03-11
600050,5543,2330,3213,2026-03-06,2002-10-09,2026-03-06,2016-03-11
600060,6934,2424,4510,2026-03-06,1997-04-22,2026-03-06,2016-03-11
600061,6782,2414,4368,2026-03-06,1997-05-19,2026-03-06,2016-03-11
600066,6896,2424,4472,2026-03-06,1997-05-08,2026-03-06,2016-03-11
600068,5764,1326,4438,2021-09-01,1997-05-26,2021-09-01,2016-03-11
600074,4719,684,4035,2020-05-26,1997-06-23,2020-05-26,2016-03-11
600085,6915,2425,4490,2026-03-06,1997-06-25,2026-03-06,2016-03-11
600089,6772,2419,4353,2026-03-06,1997-06-18,2026-03-06,2016-03-11
600100,6720,2319,4401,2026-03-06,1997-06-27,2026-03-06,2016-03-11
600104,6738,2425,4313,2026-03-06,1997-11-25,2026-03-06,2016-03-11
600109,6748,2415,4333,2026-03-06,1997-08-07,2026-03-06,2016-03-11
600111,6837,2425,4412,2026-03-06,1997-09-24,2026-03-06,2016-03-11
600115,6665,2424,4241,2026-03-06,1997-11-05,2026-03-06,2016-03-11
600118,6835,2425,4410,2026-03-06,1997-09-08,2026-03-06,2016-03-11
600150,6522,2284,4238,2026-03-06,1998-05-20,2026-03-06,2016-03-11
600153,6425,2362,4063,2026-03-06,1998-06-16,2026-03-06,2016-06-14
600157,6181,2212,3969,2026-03-06,1998-05-13,2026-03-06,2016-03-11
600170,6601,2414,4187,2026-03-06,1998-06-23,2026-03-06,2016-03-28
600177,6488,2425,4063,2026-03-06,1998-11-19,2026-03-06,2016-03-11
600188,6633,2425,4208,2026-03-06,1998-07-01,2026-03-06,2016-03-11
600196,6599,2424,4175,2026-03-06,1998-08-07,2026-03-06,2016-03-11
600208,6272,2411,3861,2026-03-06,1999-06-23,2026-03-06,2016-03-11
600221,6098,2294,3804,2026-03-06,1999-11-25,2026-03-06,2016-03-11
600252,2426,2425,1,2026-03-06,2016-03-10,2026-03-06,2016-03-11
600256,2426,2425,1,2026-03-06,2016-03-10,2026-03-06,2016-03-11
600271,2426,2425,1,2026-03-06,2016-03-10,2026-03-06,2016-03-11
600276,2426,2425,1,2026-03-06,2016-03-10,2026-03-06,2016-03-11
600297,2062,2061,1,2024-08-28,2016-03-10,2024-08-28,2016-03-11
600309,2426,2425,1,2026-03-06,2016-03-10,2026-03-06,2016-03-11
600332,2426,2425,1,2026-03-06,2016-03-10,2026-03-06,2016-03-11
600340,2426,2425,1,2026-03-06,2016-03-10,2026-03-06,2016-03-11
600352,2426,2425,1,2026-03-06,2016-03-10,2026-03-06,2016-03-11
600362,2426,2425,1,2026-03-06,2016-03-10,2026-03-06,2016-03-11
600369,2426,2425,1,2026-03-06,2016-03-10,2026-03-06,2016-03-11
600372,2426,2425,1,2026-03-06,2016-03-10,2026-03-06,2016-03-11
600373,2426,2425,1,2026-03-06,2016-03-10,2026-03-06,2016-03-11
600376,2426,2425,1,2026-03-06,2016-03-10,2026-03-06,2016-03-11
600383,2426,2425,1,2026-03-06,2016-03-10,2026-03-06,2016-03-11
600406,2426,2425,1,2026-03-06,2016-03-10,2026-03-06,2016-03-11
600415,2426,2425,1,2026-03-06,2016-03-10,2026-03-06,2016-03-11
600446,2426,2425,1,2026-03-06,2016-03-10,2026-03-06,2016-03-11
600482,2426,2425,1,2026-03-06,2016-03-10,2026-03-06,2016-03-11
600485,1273,1272,1,2021-06-01,2016-03-10,2021-06-01,2016-03-11
600489,2426,2425,1,2026-03-06,2016-03-10,2026-03-06,2016-03-11
600498,2426,2425,1,2026-03-06,2016-03-10,2026-03-06,2016-03-11
600518,2426,2425,1,2026-03-06,2016-03-10,2026-03-06,2016-03-11
600519,2426,2425,1,2026-03-06,2016-03-10,2026-03-06,2016-03-11
600535,2426,2425,1,2026-03-06,2016-03-10,2026-03-06,2016-03-11
600547,2426,2425,1,2026-03-06,2016-03-10,2026-03-06,2016-03-11
600570,2426,2425,1,2026-03-06,2016-03-10,2026-03-06,2016-03-11
600582,2426,2425,1,2026-03-06,2016-03-10,2026-03-06,2016-03-11
600583,2426,2425,1,2026-03-06,2016-03-10,2026-03-06,2016-03-11
600585,2426,2425,1,2026-03-06,2016-03-10,2026-03-06,2016-03-11
600588,2426,2425,1,2026-03-06,2016-03-10,2026-03-06,2016-03-11
600606,2426,2425,1,2026-03-06,2016-03-10,2026-03-06,2016-03-11
600637,2426,2425,1,2026-03-06,2016-03-10,2026-03-06,2016-03-11
600648,2426,2425,1,2026-03-06,2016-03-10,2026-03-06,2016-03-11
600649,2426,2425,1,2026-03-06,2016-03-10,2026-03-06,2016-03-11
600654,2426,2425,1,2026-03-06,2016-03-10,2026-03-06,2016-03-11
600660,2426,2425,1,2026-03-06,2016-03-10,2026-03-06,2016-03-11
600663,2426,2425,1,2026-03-06,2016-03-10,2026-03-06,2016-03-11
600666,2426,2425,1,2026-03-06,2016-03-10,2026-03-06,2016-03-11
600674,2426,2425,1,2026-03-06,2016-03-10,2026-03-06,2016-03-11
600685,2426,2425,1,2026-03-06,2016-03-10,2026-03-06,2016-03-11
600688,2426,2425,1,2026-03-06,2016-03-10,2026-03-06,2016-03-11
600690,2426,2425,1,2026-03-06,2016-03-10,2026-03-06,2016-03-11
600703,2426,2425,1,2026-03-06,2016-03-10,2026-03-06,2016-03-11
600704,2426,2425,1,2026-03-06,2016-03-10,2026-03-06,2016-03-11
600705,2237,2236,1,2025-05-26,2016-03-10,2025-05-26,2016-03-11
600718,2426,2425,1,2026-03-06,2016-03-10,2026-03-06,2016-03-11
600737,2426,2425,1,2026-03-06,2016-03-10,2026-03-06,2016-03-11
600739,2426,2425,1,2026-03-06,2016-03-10,2026-03-06,2016-03-11
600741,2426,2425,1,2026-03-06,2016-03-10,2026-03-06,2016-03-11
600754,2426,2425,1,2026-03-06,2016-03-10,2026-03-06,2016-03-11
600783,2426,2425,1,2026-03-06,2016-03-10,2026-03-06,2016-03-11
600795,2426,2425,1,2026-03-06,2016-03-10,2026-03-06,2016-03-11
600804,2263,2262,1,2025-07-02,2016-03-10,2025-07-02,2016-03-11
600816,2426,2425,1,2026-03-06,2016-03-10,2026-03-06,2016-03-11
600820,2426,2425,1,2026-03-06,2016-03-10,2026-03-06,2016-03-11
600827,2426,2425,1,2026-03-06,2016-03-10,2026-03-06,2016-03-11
600837,2182,2181,1,2025-03-04,2016-03-10,2025-03-04,2016-03-11
600839,2426,2425,1,2026-03-06,2016-03-10,2026-03-06,2016-03-11
600867,2426,2425,1,2026-03-06,2016-03-10,2026-03-06,2016-03-11
600871,2426,2425,1,2026-03-06,2016-03-10,2026-03-06,2016-03-11
600873,2426,2425,1,2026-03-06,2016-03-10,2026-03-06,2016-03-11
600875,2426,2425,1,2026-03-06,2016-03-10,2026-03-06,2016-03-11
600886,2426,2425,1,2026-03-06,2016-03-10,2026-03-06,2016-03-11
600887,2426,2425,1,2026-03-06,2016-03-10,2026-03-06,2016-03-11
600893,2426,2425,1,2026-03-06,2016-03-10,2026-03-06,2016-03-11
600895,2426,2425,1,2026-03-06,2016-03-10,2026-03-06,2016-03-11
600900,2426,2425,1,2026-03-06,2016-03-10,2026-03-06,2016-03-11
600958,2426,2425,1,2026-03-06,2016-03-10,2026-03-06,2016-03-11
600959,2426,2425,1,2026-03-06,2016-03-10,2026-03-06,2016-03-11
600999,2426,2425,1,2026-03-06,2016-03-10,2026-03-06,2016-03-11
601006,2426,2425,1,2026-03-06,2016-03-10,2026-03-06,2016-03-11
601009,2426,2425,1,2026-03-06,2016-03-10,2026-03-06,2016-03-11
601018,2426,2425,1,2026-03-06,2016-03-10,2026-03-06,2016-03-11
601021,2426,2425,1,2026-03-06,2016-03-10,2026-03-06,2016-03-11
601088,2426,2425,1,2026-03-06,2016-03-10,2026-03-06,2016-03-11
601099,2426,2425,1,2026-03-06,2016-03-10,2026-03-06,2016-03-11
601111,2426,2425,1,2026-03-06,2016-03-10,2026-03-06,2016-03-11
601118,2426,2425,1,2026-03-06,2016-03-10,2026-03-06,2016-03-11
601127,2361,2361,0,2026-03-06,2016-06-15,2026-03-06,2016-06-15
601155,2426,2425,1,2026-03-06,2016-03-10,2026-03-06,2016-03-11
601166,2426,2425,1,2026-03-06,2016-03-10,2026-03-06,2016-03-11
601169,2426,2425,1,2026-03-06,2016-03-10,2026-03-06,2016-03-11
601186,2426,2425,1,2026-03-06,2016-03-10,2026-03-06,2016-03-11
601198,2426,2425,1,2026-03-06,2016-03-10,2026-03-06,2016-03-11
601211,2426,2425,1,2026-03-06,2016-03-10,2026-03-06,2016-03-11
601216,2426,2425,1,2026-03-06,2016-03-10,2026-03-06,2016-03-11
601225,2426,2425,1,2026-03-06,2016-03-10,2026-03-06,2016-03-11
601258,1778,1777,1,2023-06-30,2016-03-10,2023-06-30,2016-03-11
601288,2426,2425,1,2026-03-06,2016-03-10,2026-03-06,2016-03-11
601318,2426,2425,1,2026-03-06,2016-03-10,2026-03-06,2016-03-11
601328,2426,2425,1,2026-03-06,2016-03-10,2026-03-06,2016-03-11
601333,2426,2425,1,2026-03-06,2016-03-10,2026-03-06,2016-03-11
601336,2426,2425,1,2026-03-06,2016-03-10,2026-03-06,2016-03-11
601377,2426,2425,1,2026-03-06,2016-03-10,2026-03-06,2016-03-11
601390,2426,2425,1,2026-03-06,2016-03-10,2026-03-06,2016-03-11
601398,2426,2425,1,2026-03-06,2016-03-10,2026-03-06,2016-03-11
601555,2426,2425,1,2026-03-06,2016-03-10,2026-03-06,2016-03-11
601600,2426,2425,1,2026-03-06,2016-03-10,2026-03-06,2016-03-11
601601,2426,2425,1,2026-03-06,2016-03-10,2026-03-06,2016-03-11
601607,2426,2425,1,2026-03-06,2016-03-10,2026-03-06,2016-03-11
601608,2426,2425,1,2026-03-06,2016-03-10,2026-03-06,2016-03-11
601611,2366,2366,0,2026-03-06,2016-06-06,2026-03-06,2016-06-06
601618,2426,2425,1,2026-03-06,2016-03-10,2026-03-06,2016-03-11
601628,2426,2425,1,2026-03-06,2016-03-10,2026-03-06,2016-03-11
601633,2426,2425,1,2026-03-06,2016-03-10,2026-03-06,2016-03-11
601668,2426,2425,1,2026-03-06,2016-03-10,2026-03-06,2016-03-11
601669,2426,2425,1,2026-03-06,2016-03-10,2026-03-06,2016-03-11
601688,2426,2425,1,2026-03-06,2016-03-10,2026-03-06,2016-03-11
601718,2426,2425,1,2026-03-06,2016-03-10,2026-03-06,2016-03-11
601727,2426,2425,1,2026-03-06,2016-03-10,2026-03-06,2016-03-11
601766,2426,2425,1,2026-03-06,2016-03-10,2026-03-06,2016-03-11
601788,2426,2425,1,2026-03-06,2016-03-10,2026-03-06,2016-03-11
601800,2426,2425,1,2026-03-06,2016-03-10,2026-03-06,2016-03-11
601818,2426,2425,1,2026-03-06,2016-03-10,2026-03-06,2016-03-11
601857,2426,2425,1,2026-03-06,2016-03-10,2026-03-06,2016-03-11
601866,2426,2425,1,2026-03-06,2016-03-10,2026-03-06,2016-03-11
601872,2426,2425,1,2026-03-06,2016-03-10,2026-03-06,2016-03-11
601877,2426,2425,1,2026-03-06,2016-03-10,2026-03-06,2016-03-11
601888,2426,2425,1,2026-03-06,2016-03-10,2026-03-06,2016-03-11
601899,2426,2425,1,2026-03-06,2016-03-10,2026-03-06,2016-03-11
601901,2426,2425,1,2026-03-06,2016-03-10,2026-03-06,2016-03-11
601919,2426,2425,1,2026-03-06,2016-03-10,2026-03-06,2016-03-11
601928,2426,2425,1,2026-03-06,2016-03-10,2026-03-06,2016-03-11
601933,2426,2425,1,2026-03-06,2016-03-10,2026-03-06,2016-03-11
601939,2426,2425,1,2026-03-06,2016-03-10,2026-03-06,2016-03-11
601958,2426,2425,1,2026-03-06,2016-03-10,2026-03-06,2016-03-11
601985,2426,2425,1,2026-03-06,2016-03-10,2026-03-06,2016-03-11
601988,2426,2425,1,2026-03-06,2016-03-10,2026-03-06,2016-03-11
601989,2309,2308,1,2025-09-04,2016-03-10,2025-09-04,2016-03-11
601998,2426,2425,1,2026-03-06,2016-03-10,2026-03-06,2016-03-11
603000,2426,2425,1,2026-03-06,2016-03-10,2026-03-06,2016-03-11
603885,2426,2425,1,2026-03-06,2016-03-10,2026-03-06,2016-03-11
603993,2426,2425,1,2026-03-06,2016-03-10,2026-03-06,2016-03-11
