日期,股票代码,股票名称,开盘,收盘,最高,最低,成交量,成交额,振幅,涨跌幅,涨跌额,换手率
2016-03-11,600074,退市保千,12.21,12.73,13.09,12.0,314912,393280976.0,8.58,0.24,0.03,3.51
2016-03-14,600074,退市保千,12.9,13.25,13.53,12.77,437441,579513648.0,5.97,4.08,0.52,4.88
2016-03-15,600074,退市保千,13.26,13.16,13.6,13.11,358206,477517344.0,3.7,-0.68,-0.09,4.0
2016-03-16,600074,退市保千,13.29,12.64,13.34,12.53,350621,449526112.0,6.16,-3.95,-0.52,3.91
2016-03-17,600074,退市保千,12.84,13.68,13.89,12.8,650108,864446368.0,8.62,8.23,1.04,7.26
2016-03-18,600074,退市保千,13.68,14.91,15.0,13.5,945180,1363067696.0,10.96,8.99,1.23,10.55
2016-03-21,600074,退市保千,15.15,15.23,15.55,14.75,954804,1444766304.0,5.37,2.15,0.32,10.66
2016-03-22,600074,退市保千,15.0,14.94,15.9,14.85,818627,1252780784.0,6.89,-1.9,-0.29,9.14
2016-03-23,600074,退市保千,14.9,15.35,15.62,14.76,824987,1253773568.0,5.76,2.74,0.41,9.21
2016-03-24,600074,退市保千,15.0,15.11,16.46,14.75,1143612,1787597920.0,11.14,-1.56,-0.24,12.76
2016-03-25,600074,退市保千,15.0,15.15,15.35,14.64,615361,921142752.0,4.7,0.26,0.04,6.87
2016-03-28,600074,退市保千,15.32,14.89,15.46,14.83,470113,710600896.0,4.16,-1.72,-0.26,5.25
2016-03-29,600074,退市保千,14.9,15.85,15.9,14.65,967921,1481760544.0,8.39,6.45,0.96,10.8
2016-03-30,600074,退市保千,16.04,16.26,16.38,15.61,1094023,1745929152.0,4.86,2.59,0.41,12.21
2016-03-31,600074,退市保千,16.1,16.1,16.59,16.0,846697,1376006688.0,3.63,-0.98,-0.16,9.45
2016-04-01,600074,退市保千,16.0,16.56,16.71,15.91,962261,1583056192.0,4.97,2.86,0.46,10.74
2016-04-05,600074,退市保千,16.78,16.79,17.16,16.3,825916,1380398528.0,5.19,1.39,0.23,9.22
2016-04-06,600074,退市保千,16.6,16.55,17.19,16.35,704632,1179752960.0,5.0,-1.43,-0.24,7.86
2016-04-07,600074,退市保千,16.55,16.24,16.92,16.04,753754,1237520944.0,5.32,-1.87,-0.31,8.41
2016-04-08,600074,退市保千,16.15,15.67,16.44,15.19,664071,1052667056.0,7.7,-3.51,-0.57,7.41
2016-04-11,600074,退市保千,15.93,16.08,16.48,15.77,505757,817089360.0,4.53,2.62,0.41,5.64
2016-04-12,600074,退市保千,15.98,15.7,15.98,15.45,404385,632979712.0,3.3,-2.36,-0.38,4.51
2016-04-13,600074,退市保千,15.83,15.87,16.3,15.83,453954,727163056.0,2.99,1.08,0.17,5.07
2016-04-14,600074,退市保千,15.96,16.11,16.19,15.9,324178,519502000.0,1.83,1.51,0.24,3.62
2016-04-15,600074,退市保千,16.11,16.42,16.68,15.99,693161,1140322432.0,4.28,1.92,0.31,7.74
2016-04-18,600074,退市保千,16.19,16.49,16.98,15.68,721637,1175943024.0,7.92,0.43,0.07,8.05
2016-04-19,600074,退市保千,16.46,16.29,16.55,16.03,415303,677711632.0,3.15,-1.21,-0.2,4.64
2016-04-20,600074,退市保千,16.35,15.19,16.47,14.71,604578,938829600.0,10.8,-6.75,-1.1,6.75
2016-04-21,600074,退市保千,14.95,14.49,15.24,14.41,380075,566226752.0,5.46,-4.61,-0.7,4.24
2016-04-22,600074,退市保千,14.36,14.65,14.72,14.2,261557,378926832.0,3.59,1.1,0.16,2.92
2016-04-25,600074,退市保千,14.63,14.39,14.63,14.04,235348,337288080.0,4.03,-1.77,-0.26,2.63
2016-04-26,600074,退市保千,14.46,14.68,14.74,14.3,236226,343537632.0,3.06,2.02,0.29,2.64
2016-04-27,600074,退市保千,14.78,14.49,14.84,14.43,208536,305120912.0,2.79,-1.29,-0.19,2.33
2016-04-28,600074,退市保千,14.6,14.39,14.64,14.04,222333,318002464.0,4.14,-0.69,-0.1,2.48
2016-04-29,600074,退市保千,14.3,14.27,14.47,14.19,146057,209590516.0,1.95,-0.83,-0.12,1.63
2016-05-03,600074,退市保千,14.44,14.95,15.0,14.35,335319,495667296.0,4.56,4.77,0.68,3.74
2016-05-04,600074,退市保千,14.85,15.09,15.35,14.82,341752,517338384.0,3.55,0.94,0.14,3.81
2016-05-05,600074,退市保千,15.02,15.0,15.1,14.81,220012,328674480.0,1.92,-0.6,-0.09,2.46
2016-05-06,600074,退市保千,15.08,14.15,15.16,14.11,325817,474892192.0,7.0,-5.67,-0.85,3.64
2016-05-09,600074,退市保千,13.92,13.88,14.45,13.52,335513,469713296.0,6.57,-1.91,-0.27,3.74
2016-05-10,600074,退市保千,13.96,13.84,14.19,13.68,168394,234100578.0,3.67,-0.29,-0.04,1.88
2016-05-11,600074,退市保千,14.01,13.52,14.11,13.41,205240,280989568.0,5.06,-2.31,-0.32,2.29
2016-05-12,600074,退市保千,13.3,13.54,13.63,12.95,206141,274369280.0,5.03,0.15,0.02,2.3
2016-05-13,600074,退市保千,13.55,13.38,13.63,13.27,160822,217131175.0,2.66,-1.18,-0.16,1.79
2016-05-16,600074,退市保千,13.32,13.65,13.66,13.14,182778,246386137.0,3.89,2.02,0.27,2.04
2016-05-17,600074,退市保千,13.69,13.51,13.75,13.4,173483,234942192.0,2.56,-1.03,-0.14,1.94
2016-05-18,600074,退市保千,13.4,13.19,13.78,13.01,232666,312149856.0,5.7,-2.37,-0.32,2.6
2016-05-19,600074,退市保千,13.19,13.31,13.52,13.14,195371,261262077.0,2.88,0.91,0.12,2.18
2016-05-20,600074,退市保千,13.16,13.44,13.5,13.1,146162,195523914.0,3.01,0.98,0.13,1.63
2016-05-23,600074,退市保千,13.55,13.9,13.98,13.45,254141,351397056.0,3.94,3.42,0.46,2.84
2016-05-24,600074,退市保千,13.84,13.56,13.88,13.43,175930,239730783.0,3.24,-2.45,-0.34,1.96
2016-05-25,600074,退市保千,13.7,13.54,13.89,13.48,176862,242193054.0,3.02,-0.15,-0.02,1.97
2016-05-26,600074,退市保千,13.46,13.78,13.88,13.32,195930,266456988.0,4.14,1.77,0.24,2.19
2016-05-27,600074,退市保千,13.75,13.68,13.93,13.65,175374,241960449.0,2.03,-0.73,-0.1,1.96
2016-05-30,600074,退市保千,13.45,13.47,13.69,13.36,100828,136285096.0,2.41,-1.54,-0.21,1.13
2016-05-31,600074,退市保千,13.43,14.06,14.09,13.43,289859,402296064.0,4.9,4.38,0.59,3.24
2016-06-01,600074,退市保千,14.08,14.04,14.43,14.02,294556,416972080.0,2.92,-0.14,-0.02,3.29
2016-06-02,600074,退市保千,14.0,14.13,14.25,13.95,245225,345207584.0,2.14,0.64,0.09,2.74
2016-06-03,600074,退市保千,14.16,14.11,14.25,13.92,294582,415050784.0,2.34,-0.14,-0.02,3.29
2016-06-06,600074,退市保千,14.19,14.22,14.34,14.12,266020,378739232.0,1.56,0.78,0.11,2.97
2016-06-07,600074,退市保千,14.22,14.26,14.34,14.07,191997,272531488.0,1.9,0.28,0.04,2.14
2016-06-08,600074,退市保千,14.41,15.24,15.6,14.41,781540,1181675248.0,8.35,6.87,0.98,8.72
2016-06-13,600074,退市保千,14.95,14.84,15.5,14.8,626010,948975584.0,4.59,-2.62,-0.4,6.99
2016-06-14,600074,退市保千,14.6,15.45,15.5,14.55,508417,768317344.0,6.4,4.11,0.61,5.67
2016-06-15,600074,退市保千,15.47,15.98,16.26,15.47,837437,1331167808.0,5.11,3.43,0.53,9.35
2016-06-16,600074,退市保千,15.79,15.79,16.18,15.6,543806,860828784.0,3.63,-1.19,-0.19,6.07
2016-06-17,600074,退市保千,15.81,15.23,15.97,15.13,481620,745765216.0,5.32,-3.55,-0.56,5.38
2016-06-20,600074,退市保千,15.15,15.59,15.67,15.15,377953,586160336.0,3.41,2.36,0.36,4.22
2016-06-21,600074,退市保千,15.87,14.85,15.93,14.75,432844,661596704.0,7.57,-4.75,-0.74,4.83
2016-06-22,600074,退市保千,14.88,15.15,15.17,14.72,238941,357904112.0,3.03,2.02,0.3,2.67
2016-06-23,600074,退市保千,15.27,15.04,15.28,14.9,231788,349661856.0,2.51,-0.73,-0.11,2.59
2016-06-24,600074,退市保千,15.0,14.96,15.27,14.03,367051,547584016.0,8.24,-0.53,-0.08,4.1
2016-06-27,600074,退市保千,14.81,15.26,15.34,14.76,251400,380566768.0,3.88,2.01,0.3,2.81
2016-06-28,600074,退市保千,15.21,15.31,15.48,15.16,284842,436278368.0,2.1,0.33,0.05,3.18
2016-06-29,600074,退市保千,15.35,15.21,15.44,15.16,239036,365168864.0,1.83,-0.65,-0.1,2.67
2016-06-30,600074,退市保千,15.25,14.92,15.3,14.85,267001,400132208.0,2.96,-1.91,-0.29,2.98
2016-07-01,600074,退市保千,14.92,14.9,15.3,14.9,217843,328648656.0,2.68,-0.13,-0.02,2.43
2016-07-04,600074,退市保千,14.66,15.2,15.26,14.6,314255,472825312.0,4.43,2.01,0.3,3.51
2016-07-05,600074,退市保千,15.2,15.17,15.25,15.02,203526,307908784.0,1.51,-0.2,-0.03,2.27
2016-07-06,600074,退市保千,15.12,14.99,15.17,14.92,189481,284409072.0,1.65,-1.19,-0.18,2.11
2016-07-07,600074,退市保千,14.96,14.93,15.0,14.75,185548,276000400.0,1.67,-0.4,-0.06,2.07
2016-07-08,600074,退市保千,14.98,14.78,14.98,14.7,204675,302869184.0,1.88,-1.0,-0.15,2.28
2016-07-11,600074,退市保千,14.78,14.87,15.06,14.78,208162,311092192.0,1.89,0.61,0.09,2.32
2016-07-12,600074,退市保千,14.87,14.89,14.96,14.5,174305,257056299.0,3.09,0.13,0.02,1.95
2016-07-13,600074,退市保千,14.85,15.2,15.23,14.85,275751,414414512.0,2.55,2.08,0.31,3.08
2016-07-14,600074,退市保千,15.25,15.16,15.25,15.05,223130,338192512.0,1.32,-0.26,-0.04,2.49
2016-07-15,600074,退市保千,15.19,15.55,15.59,15.09,399607,613692176.0,3.3,2.57,0.39,4.46
2016-07-18,600074,退市保千,15.53,15.37,15.88,15.35,312912,487246624.0,3.41,-1.16,-0.18,3.49
2016-07-19,600074,退市保千,15.44,15.69,15.71,15.12,337636,520114688.0,3.84,2.08,0.32,3.77
2016-07-20,600074,退市保千,16.22,15.74,16.33,15.7,484308,772124448.0,4.02,0.32,0.05,5.41
2016-07-21,600074,退市保千,15.76,15.73,15.94,15.51,282848,444749680.0,2.73,-0.06,-0.01,3.16
2016-07-22,600074,退市保千,15.71,15.86,16.08,15.52,424870,674833104.0,3.56,0.83,0.13,4.74
2016-07-25,600074,退市保千,15.8,16.4,16.45,15.77,526570,856498240.0,4.29,3.4,0.54,5.88
2016-07-26,600074,退市保千,16.39,16.39,16.53,16.17,311199,508166912.0,2.2,-0.06,-0.01,3.47
2016-07-27,600074,退市保千,16.39,15.54,16.45,15.12,477116,751396864.0,8.11,-5.19,-0.85,5.33
2016-07-28,600074,退市保千,15.46,15.19,15.59,14.8,233486,355425440.0,5.08,-2.25,-0.35,2.61
2016-07-29,600074,退市保千,15.37,15.27,15.5,15.14,170583,261554235.0,2.37,0.53,0.08,1.9
2016-08-01,600074,退市保千,15.07,14.81,15.25,14.38,260141,383245024.0,5.7,-3.01,-0.46,2.9
2016-08-02,600074,退市保千,14.73,14.92,14.95,14.7,97664,144620223.0,1.69,0.74,0.11,1.09
2016-08-03,600074,退市保千,14.85,14.93,15.0,14.67,122101,181145862.0,2.21,0.07,0.01,1.36
2016-08-04,600074,退市保千,14.95,15.15,15.28,14.88,154403,233555726.0,2.68,1.47,0.22,1.72
2016-08-05,600074,退市保千,15.11,14.96,15.14,14.95,94227,141616308.0,1.25,-1.25,-0.19,1.05
2016-08-08,600074,退市保千,14.92,15.03,15.1,14.72,78516,117358890.0,2.54,0.47,0.07,0.88
2016-08-09,600074,退市保千,15.0,15.11,15.15,14.97,83922,126480242.0,1.2,0.53,0.08,0.94
2016-08-10,600074,退市保千,15.13,14.96,15.14,14.95,87218,131078033.0,1.26,-0.99,-0.15,0.97
2016-08-11,600074,退市保千,14.91,14.78,15.0,14.66,127040,188444313.0,2.27,-1.2,-0.18,1.42
2016-08-12,600074,退市保千,14.72,14.71,14.75,14.39,173347,252613867.0,2.44,-0.47,-0.07,1.93
2016-08-15,600074,退市保千,14.63,15.01,15.14,14.63,173909,259814392.0,3.47,2.04,0.3,1.94
2016-08-16,600074,退市保千,15.06,15.06,15.19,14.94,132180,198871506.0,1.67,0.33,0.05,1.48
2016-08-17,600074,退市保千,15.07,15.17,15.23,14.91,138995,209340242.0,2.12,0.73,0.11,1.55
2016-08-18,600074,退市保千,15.17,15.0,15.17,14.98,99555,149524677.0,1.25,-1.12,-0.17,1.11
2016-08-19,600074,退市保千,15.05,14.96,15.08,14.9,87017,130412944.0,1.2,-0.27,-0.04,0.97
2016-08-22,600074,退市保千,14.99,15.8,16.24,14.95,556842,871799344.0,8.62,5.61,0.84,6.21
2016-08-23,600074,退市保千,15.6,15.7,15.93,15.53,308934,485731136.0,2.53,-0.63,-0.1,3.45
2016-08-24,600074,退市保千,15.74,15.71,16.24,15.5,324551,514842800.0,4.71,0.06,0.01,3.62
2016-08-25,600074,退市保千,15.66,16.04,16.2,15.35,561334,896170800.0,5.41,2.1,0.33,6.27
2016-08-26,600074,退市保千,16.13,15.77,16.39,15.62,456183,730693232.0,4.8,-1.68,-0.27,5.09
2016-08-29,600074,退市保千,15.61,15.51,15.9,15.43,226520,353885632.0,2.98,-1.65,-0.26,2.53
2016-08-30,600074,退市保千,15.55,15.64,15.98,15.52,261388,411762496.0,2.97,0.84,0.13,2.92
2016-08-31,600074,退市保千,15.65,15.86,15.96,15.59,195439,308193056.0,2.37,1.41,0.22,2.18
2016-09-01,600074,退市保千,15.85,15.53,15.93,15.5,209214,327723584.0,2.71,-2.08,-0.33,2.34
2016-09-02,600074,退市保千,15.64,15.74,16.16,15.61,391434,620673712.0,3.54,1.35,0.21,4.37
2016-09-05,600074,退市保千,15.81,15.46,15.89,15.38,268453,417816624.0,3.24,-1.78,-0.28,3.0
2016-09-06,600074,退市保千,15.52,15.72,15.73,15.16,284470,439820864.0,3.69,1.68,0.26,3.17
2016-09-07,600074,退市保千,15.72,15.54,15.77,15.48,196210,306769456.0,1.84,-1.15,-0.18,2.19
2016-09-08,600074,退市保千,15.53,15.6,15.74,15.4,161423,251421463.0,2.19,0.39,0.06,1.8
2016-09-09,600074,退市保千,15.54,15.58,15.86,15.52,170882,268415768.0,2.18,-0.13,-0.02,1.91
2016-09-12,600074,退市保千,15.3,15.08,15.48,15.05,182356,277394368.0,2.76,-3.21,-0.5,2.04
2016-09-13,600074,退市保千,15.15,15.06,15.21,15.01,102406,154358720.0,1.33,-0.13,-0.02,1.14
2016-09-14,600074,退市保千,14.98,14.89,15.13,14.88,96510,144512767.0,1.66,-1.13,-0.17,1.08
2016-09-19,600074,退市保千,14.93,15.04,15.15,14.93,95658,144083922.0,1.48,1.01,0.15,1.07
2016-09-20,600074,退市保千,15.91,16.14,16.38,15.58,880679,1411586400.0,5.32,7.31,1.1,9.83
2016-09-21,600074,退市保千,15.99,16.05,16.27,15.87,450974,724414800.0,2.48,-0.56,-0.09,5.03
2016-09-22,600074,退市保千,16.16,16.05,16.27,15.92,344610,554524832.0,2.18,0.0,0.0,3.85
2016-09-23,600074,退市保千,16.07,15.6,16.15,15.55,346046,545602480.0,3.74,-2.8,-0.45,3.86
2016-09-26,600074,退市保千,15.65,15.89,16.07,15.51,400888,635044352.0,3.59,1.86,0.29,4.47
2016-09-27,600074,退市保千,15.93,15.66,15.95,15.34,259921,406342544.0,3.84,-1.45,-0.23,2.9
2016-09-28,600074,退市保千,15.81,15.76,16.15,15.72,284483,453010736.0,2.75,0.64,0.1,3.18
2016-09-29,600074,退市保千,15.72,16.1,16.2,15.65,395883,634552720.0,3.49,2.16,0.34,4.42
2016-09-30,600074,退市保千,16.05,16.06,16.32,15.92,291622,470789520.0,2.48,-0.25,-0.04,3.25
2016-10-10,600074,退市保千,16.4,16.45,16.58,16.11,373727,611682192.0,2.93,2.43,0.39,4.17
2016-10-11,600074,退市保千,16.38,16.31,16.46,16.18,260807,425086816.0,1.7,-0.85,-0.14,2.91
2016-10-12,600074,退市保千,16.29,16.5,16.88,16.21,374044,621457328.0,4.11,1.16,0.19,4.17
2016-10-13,600074,退市保千,16.41,16.35,16.64,16.23,257888,421436816.0,2.48,-0.91,-0.15,2.88
2016-10-14,600074,退市保千,16.41,16.45,16.54,16.15,177647,289874752.0,2.39,0.61,0.1,1.98
2016-10-17,600074,退市保千,16.55,17.15,17.38,16.43,729845,1243077888.0,5.78,4.26,0.7,8.14
2016-10-18,600074,退市保千,17.16,17.24,17.34,16.88,367336,628582800.0,2.68,0.52,0.09,4.1
2016-10-19,600074,退市保千,17.24,17.37,17.4,17.0,328130,564558368.0,2.32,0.75,0.13,3.66
2016-10-20,600074,退市保千,17.37,17.09,17.5,17.0,293363,505011296.0,2.88,-1.61,-0.28,3.27
2016-10-21,600074,退市保千,17.09,17.24,17.35,16.81,327383,559172384.0,3.16,0.88,0.15,3.65
2016-10-24,600074,退市保千,17.2,16.68,17.24,16.53,480907,812324912.0,4.12,-3.25,-0.56,5.36
2016-10-25,600074,退市保千,16.82,16.17,16.87,16.07,677004,1106532416.0,4.8,-3.06,-0.51,7.55
2016-10-26,600074,退市保千,16.17,16.21,16.33,16.06,298982,483978704.0,1.67,0.25,0.04,3.33
2016-10-27,600074,退市保千,16.22,15.95,16.34,15.83,343089,548181360.0,3.15,-1.6,-0.26,3.83
2016-10-28,600074,退市保千,15.95,15.91,16.05,15.86,195939,312776336.0,1.19,-0.25,-0.04,2.19
2016-10-31,600074,退市保千,15.82,16.04,16.08,15.73,155040,247597313.0,2.2,0.82,0.13,1.73
2016-11-01,600074,退市保千,16.07,16.11,16.16,15.97,185062,297307952.0,1.18,0.44,0.07,2.06
2016-11-02,600074,退市保千,16.15,15.77,16.15,15.76,244303,388492976.0,2.42,-2.11,-0.34,2.72
2016-11-03,600074,退市保千,15.73,15.9,16.02,15.6,238505,377241488.0,2.66,0.82,0.13,2.66
2016-11-04,600074,退市保千,15.78,15.61,15.9,15.54,180102,282983408.0,2.26,-1.82,-0.29,2.01
2016-11-07,600074,退市保千,15.62,15.67,15.71,15.39,181408,282032336.0,2.05,0.38,0.06,2.02
2016-11-08,600074,退市保千,15.75,15.76,15.86,15.64,143018,225423937.0,1.4,0.57,0.09,1.59
2016-11-09,600074,退市保千,15.77,15.43,15.8,15.25,210019,325078032.0,3.49,-2.09,-0.33,2.34
2016-11-10,600074,退市保千,15.56,15.58,15.72,15.5,139094,216914466.0,1.43,0.97,0.15,1.55
2016-11-11,600074,退市保千,15.61,15.57,15.63,15.34,162195,250554639.0,1.86,-0.06,-0.01,1.81
2016-11-14,600074,退市保千,15.56,15.69,15.7,15.48,164620,256768190.0,1.41,0.77,0.12,1.84
2016-11-15,600074,退市保千,15.67,15.84,15.87,15.67,173961,274737280.0,1.27,0.96,0.15,1.94
2016-11-16,600074,退市保千,15.86,15.85,15.95,15.8,144355,228857173.0,0.95,0.06,0.01,1.61
2016-11-17,600074,退市保千,15.93,15.66,15.94,15.61,131065,205979062.0,2.08,-1.2,-0.19,1.46
2016-11-18,600074,退市保千,15.62,15.49,15.64,15.44,138005,214025198.0,1.28,-1.09,-0.17,1.54
2016-11-21,600074,退市保千,15.48,15.42,15.56,15.34,138131,213209294.0,1.42,-0.45,-0.07,1.54
2016-11-22,600074,退市保千,15.41,15.52,15.53,15.41,110052,170233366.0,0.78,0.65,0.1,1.23
2016-11-23,600074,退市保千,15.59,15.43,15.59,15.4,116210,179692128.0,1.22,-0.58,-0.09,1.3
2016-11-24,600074,退市保千,15.5,15.29,15.53,15.21,123904,190621095.0,2.07,-0.91,-0.14,1.38
2016-11-25,600074,退市保千,15.27,15.22,15.29,14.98,183976,277640080.0,2.03,-0.46,-0.07,2.05
2016-11-28,600074,退市保千,15.25,15.24,15.3,15.18,110813,168662862.0,0.79,0.13,0.02,1.24
2016-11-29,600074,退市保千,15.22,15.02,15.25,15.0,169031,254906145.0,1.64,-1.44,-0.22,1.89
2016-11-30,600074,退市保千,15.03,15.31,15.45,15.02,227845,349081440.0,2.86,1.93,0.29,2.54
2016-12-01,600074,退市保千,15.38,15.4,15.48,15.22,139738,214863708.0,1.7,0.59,0.09,1.56
2016-12-02,600074,退市保千,15.36,14.99,15.46,14.97,166927,252624623.0,3.18,-2.66,-0.41,1.86
2016-12-05,600074,退市保千,14.9,14.66,14.95,14.54,147761,217673824.0,2.74,-2.2,-0.33,1.65
2016-12-06,600074,退市保千,14.66,14.71,14.77,14.58,80048,117708634.0,1.3,0.34,0.05,0.89
2016-12-07,600074,退市保千,14.71,14.77,14.81,14.61,76520,112668853.0,1.36,0.41,0.06,0.85
2016-12-08,600074,退市保千,14.79,14.65,14.89,14.64,76481,112969291.0,1.69,-0.81,-0.12,0.85
2016-12-09,600074,退市保千,14.65,14.54,14.78,14.52,83198,121795251.0,1.77,-0.75,-0.11,0.93
2016-12-12,600074,退市保千,14.6,13.49,14.68,13.41,226573,316508368.0,8.73,-7.22,-1.05,2.53
2016-12-13,600074,退市保千,13.47,13.59,13.81,13.13,154554,209934813.0,5.04,0.74,0.1,1.72
2016-12-14,600074,退市保千,13.64,14.01,14.1,13.43,143283,196389876.0,4.93,3.09,0.42,1.6
2016-12-15,600074,退市保千,13.9,14.06,14.2,13.81,127618,178238144.0,2.78,0.36,0.05,1.42
2016-12-16,600074,退市保千,14.0,14.09,14.18,13.87,117383,164701425.0,2.2,0.21,0.03,1.31
2016-12-19,600074,退市保千,14.08,13.73,14.08,13.71,94039,130299964.0,2.63,-2.56,-0.36,1.05
2016-12-20,600074,退市保千,13.72,13.58,13.74,13.48,101221,137196271.0,1.89,-1.09,-0.15,1.13
2016-12-21,600074,退市保千,13.6,13.66,13.74,13.59,78025,106566520.0,1.1,0.59,0.08,0.87
2016-12-22,600074,退市保千,13.6,13.94,13.98,13.55,144736,199490655.0,3.15,2.05,0.28,1.61
2016-12-23,600074,退市保千,14.08,14.21,14.48,14.04,250876,358862160.0,3.16,1.94,0.27,2.8
2016-12-26,600074,退市保千,14.17,14.05,14.19,13.85,124812,174760816.0,2.39,-1.13,-0.16,1.39
2016-12-27,600074,退市保千,14.06,13.86,14.13,13.85,100163,139678633.0,1.99,-1.35,-0.19,1.12
2016-12-28,600074,退市保千,13.92,13.97,13.99,13.58,145875,200428795.0,2.96,0.79,0.11,1.62
2016-12-29,600074,退市保千,13.0,12.57,13.25,12.57,578606,735482752.0,4.87,-10.02,-1.4,6.44
2016-12-30,600074,退市保千,12.35,13.24,13.4,12.32,390840,501233056.0,8.59,5.33,0.67,4.35
2017-01-03,600074,退市保千,13.22,13.29,13.38,12.89,284668,374052288.0,3.7,0.38,0.05,3.16
2017-01-04,600074,退市保千,13.3,13.34,13.38,13.1,199980,264736542.0,2.11,0.38,0.05,2.22
2017-01-05,600074,退市保千,13.27,13.15,13.45,13.14,130088,172849134.0,2.32,-1.42,-0.19,1.44
2017-01-06,600074,退市保千,13.21,13.15,13.29,12.94,186480,244373866.0,2.66,0.0,0.0,2.07
2017-01-09,600074,退市保千,13.15,13.08,13.19,13.03,114099,149504755.0,1.22,-0.53,-0.07,1.27
2017-01-10,600074,退市保千,13.04,13.05,13.14,12.85,149041,193851097.0,2.22,-0.23,-0.03,1.65
2017-01-11,600074,退市保千,13.05,12.85,13.05,12.83,81826,105741341.0,1.69,-1.53,-0.2,0.91
2017-01-12,600074,退市保千,12.81,12.8,12.94,12.61,105075,134219137.0,2.57,-0.39,-0.05,1.16
2017-01-13,600074,退市保千,12.76,12.98,13.3,12.72,188968,246289176.0,4.53,1.41,0.18,2.1
2017-01-16,600074,退市保千,12.96,13.15,13.18,12.38,218686,283620880.0,6.16,1.31,0.17,2.42
2017-01-17,600074,退市保千,13.09,13.1,13.14,12.81,99306,129100238.0,2.51,-0.38,-0.05,1.1
2017-01-18,600074,退市保千,13.1,12.97,13.15,12.95,75768,98676904.0,1.53,-0.99,-0.13,0.84
2017-01-19,600074,退市保千,12.9,13.08,13.15,12.78,85096,109637529.0,2.85,0.85,0.11,0.94
2017-01-20,600074,退市保千,12.94,13.18,13.2,12.92,104257,136781707.0,2.14,0.76,0.1,1.16
2017-01-23,600074,退市保千,13.14,13.14,13.25,13.1,106399,140001660.0,1.14,-0.3,-0.04,1.18
2017-01-24,600074,退市保千,13.13,12.98,13.14,12.95,87185,113525796.0,1.45,-1.22,-0.16,0.97
2017-01-25,600074,退市保千,12.91,12.96,13.03,12.9,76116,98580723.0,1.0,-0.15,-0.02,0.84
2017-01-26,600074,退市保千,12.9,13.54,14.06,12.9,103442,136445300.0,8.95,4.48,0.58,1.15
2017-02-03,600074,退市保千,13.21,13.33,13.48,13.16,87372,116308391.0,2.36,-1.55,-0.21,0.97
2017-02-06,600074,退市保千,13.33,13.28,13.38,13.18,86005,113944408.0,1.5,-0.38,-0.05,0.95
2017-02-07,600074,退市保千,13.29,13.25,13.32,13.21,72069,95523194.0,0.83,-0.23,-0.03,0.8
2017-02-08,600074,退市保千,13.25,13.29,13.32,13.18,90596,120041579.0,1.06,0.3,0.04,1.0
2017-02-09,600074,退市保千,13.34,13.59,13.68,13.29,235451,318297344.0,2.93,2.26,0.3,2.61
2017-02-10,600074,退市保千,13.61,13.63,13.69,13.47,150607,204178763.0,1.62,0.29,0.04,1.67
2017-02-13,600074,退市保千,13.63,13.54,13.66,13.48,157963,213661043.0,1.32,-0.66,-0.09,1.75
2017-02-14,600074,退市保千,13.55,13.56,13.6,13.52,75644,102538736.0,0.59,0.15,0.02,0.84
2017-02-15,600074,退市保千,13.56,13.34,13.56,13.26,118941,159190380.0,2.21,-1.62,-0.22,1.32
2017-02-16,600074,退市保千,13.3,13.32,13.39,13.2,70015,93015825.0,1.42,-0.15,-0.02,0.78
2017-02-17,600074,退市保千,13.29,13.41,14.1,13.27,227962,310033744.0,6.23,0.68,0.09,2.53
2017-02-20,600074,退市保千,13.39,13.53,13.63,13.32,108598,146296870.0,2.31,0.89,0.12,1.2
2017-02-21,600074,退市保千,13.57,13.53,13.58,13.47,91903,124220345.0,0.81,0.0,0.0,1.02
2017-02-22,600074,退市保千,13.54,13.57,13.62,13.46,90685,122826165.0,1.18,0.3,0.04,1.01
2017-02-23,600074,退市保千,13.59,13.44,13.59,13.36,97806,131464773.0,1.69,-0.96,-0.13,1.08
2017-02-24,600074,退市保千,13.41,13.47,13.49,13.37,72547,97430340.0,0.89,0.22,0.03,0.8
2017-02-27,600074,退市保千,13.39,13.45,13.6,13.21,186882,250662018.0,2.9,-0.15,-0.02,2.07
2017-02-28,600074,退市保千,13.4,13.44,13.49,13.37,64090,86114368.0,0.89,-0.07,-0.01,0.71
2017-03-01,600074,退市保千,13.4,13.42,13.54,13.35,84966,114234754.0,1.41,-0.15,-0.02,0.94
2017-03-02,600074,退市保千,13.41,13.12,13.48,13.11,147299,195034322.0,2.76,-2.24,-0.3,1.63
2017-03-03,600074,退市保千,13.13,13.33,13.4,13.12,106237,140655571.0,2.13,1.6,0.21,1.18
2017-03-06,600074,退市保千,13.3,13.37,13.39,13.22,81819,109200721.0,1.28,0.3,0.04,0.91
2017-03-07,600074,退市保千,13.39,13.52,13.58,13.34,139750,188437716.0,1.8,1.12,0.15,1.55
2017-03-08,600074,退市保千,13.53,13.41,13.56,13.38,74021,99542212.0,1.33,-0.81,-0.11,0.82
2017-03-09,600074,退市保千,13.39,13.49,13.54,13.25,121981,163272742.0,2.16,0.6,0.08,1.35
2017-03-10,600074,退市保千,13.49,13.59,13.69,13.47,216162,293893600.0,1.63,0.74,0.1,2.4
2017-03-13,600074,退市保千,13.55,13.71,13.76,13.46,193616,263935306.0,2.21,0.88,0.12,2.15
2017-03-14,600074,退市保千,13.98,13.83,14.1,13.8,264662,368269408.0,2.19,0.88,0.12,2.93
2017-03-15,600074,退市保千,13.82,13.86,13.99,13.6,215855,299159184.0,2.82,0.22,0.03,2.39
2017-03-16,600074,退市保千,13.81,13.94,13.96,13.76,173212,240225005.0,1.44,0.58,0.08,1.92
2017-03-17,600074,退市保千,13.94,13.77,14.0,13.75,133773,185507247.0,1.79,-1.22,-0.17,1.48
2017-03-20,600074,退市保千,13.73,13.67,13.77,13.56,95479,130160523.0,1.53,-0.73,-0.1,1.06
2017-03-21,600074,退市保千,13.67,13.79,13.84,13.6,102598,140852827.0,1.76,0.88,0.12,1.14
2017-03-22,600074,退市保千,13.7,13.58,13.7,13.53,98446,133763654.0,1.23,-1.52,-0.21,1.09
2017-03-23,600074,退市保千,13.56,13.36,13.63,13.36,126735,170483943.0,1.99,-1.62,-0.22,1.41
2017-03-24,600074,退市保千,13.36,13.39,13.42,13.25,177722,237132447.0,1.27,0.22,0.03,1.97
2017-03-27,600074,退市保千,13.38,13.55,13.65,13.3,153541,207139650.0,2.61,1.19,0.16,1.7
2017-03-28,600074,退市保千,13.55,13.41,13.63,13.37,84678,114180701.0,1.92,-1.03,-0.14,0.94
2017-03-29,600074,退市保千,13.44,13.18,13.5,13.17,105725,140713960.0,2.46,-1.72,-0.23,1.17
2017-03-30,600074,退市保千,13.17,12.92,13.17,12.8,181812,234560001.0,2.81,-1.97,-0.26,2.02
2017-03-31,600074,退市保千,12.85,12.9,12.97,12.82,66234,85349756.0,1.16,-0.15,-0.02,0.73
2017-04-05,600074,退市保千,12.9,13.12,13.16,12.9,87770,114776162.0,2.02,1.71,0.22,0.97
2017-04-06,600074,退市保千,13.1,13.1,13.18,13.03,63732,83533747.0,1.14,-0.15,-0.02,0.71
2017-04-07,600074,退市保千,13.12,13.01,13.15,12.97,72683,94709696.0,1.37,-0.69,-0.09,0.81
2017-04-10,600074,退市保千,13.07,13.11,13.18,12.81,167434,217531838.0,2.84,0.77,0.1,1.86
2017-04-11,600074,退市保千,13.08,13.29,13.32,12.99,157390,207548711.0,2.52,1.37,0.18,1.74
2017-04-12,600074,退市保千,13.29,13.22,13.4,13.21,113226,150459354.0,1.43,-0.53,-0.07,1.26
2017-04-13,600074,退市保千,13.17,13.23,13.24,13.1,77883,102734061.0,1.06,0.08,0.01,0.86
2017-04-14,600074,退市保千,13.23,13.01,13.23,13.0,77777,101805721.0,1.74,-1.66,-0.22,0.86
2017-04-17,600074,退市保千,13.0,13.19,13.25,12.83,121393,159044934.0,3.23,1.38,0.18,1.35
2017-04-18,600074,退市保千,13.19,13.33,13.48,13.17,173332,231552962.0,2.35,1.06,0.14,1.92
2017-04-19,600074,退市保千,13.23,13.09,13.36,13.04,91939,120767882.0,2.4,-1.8,-0.24,1.02
2017-04-20,600074,退市保千,12.81,13.19,13.24,12.81,130103,169664700.0,3.28,0.76,0.1,1.44
2017-04-21,600074,退市保千,13.18,13.02,13.23,12.97,61082,80084090.0,1.97,-1.29,-0.17,0.68
2017-04-24,600074,退市保千,13.02,12.54,13.06,12.44,112952,142959860.0,4.76,-3.69,-0.48,1.25
2017-04-25,600074,退市保千,12.48,12.48,12.64,12.3,114161,142305856.0,2.71,-0.48,-0.06,1.27
2017-04-26,600074,退市保千,12.42,12.64,12.66,12.35,163945,204767132.0,2.48,1.28,0.16,1.82
2017-04-27,600074,退市保千,12.66,12.56,12.66,12.36,65333,81673785.0,2.37,-0.63,-0.08,0.72
2017-04-28,600074,退市保千,12.51,12.57,12.62,12.37,70944,88632302.0,1.99,0.08,0.01,0.79
2017-05-02,600074,退市保千,12.57,12.6,12.65,12.46,110724,139091402.0,1.51,0.24,0.03,1.23
2017-05-03,600074,退市保千,12.55,12.61,12.71,12.55,73593,92812209.0,1.27,0.08,0.01,0.82
2017-05-04,600074,退市保千,12.56,12.54,12.64,12.52,79185,99665946.0,0.95,-0.56,-0.07,0.88
2017-05-05,600074,退市保千,12.5,12.48,12.57,12.01,122244,150636229.0,4.47,-0.48,-0.06,1.36
2017-05-08,600074,退市保千,12.35,12.42,12.5,12.26,77991,96561029.0,1.92,-0.48,-0.06,0.86
2017-05-09,600074,退市保千,12.36,12.47,12.54,12.28,61009,75689134.0,2.09,0.4,0.05,0.68
2017-05-10,600074,退市保千,12.51,12.26,12.51,12.22,83599,103735660.0,2.33,-1.68,-0.21,0.93
2017-05-11,600074,退市保千,12.16,12.07,12.24,11.36,138309,164352079.0,7.18,-1.55,-0.19,1.53
2017-05-12,600074,退市保千,11.9,12.09,12.15,11.58,166835,197958152.0,4.72,0.17,0.02,1.85
2017-05-15,600074,退市保千,12.01,12.47,12.53,11.96,132923,162253705.0,4.71,3.14,0.38,1.47
2017-05-16,600074,退市保千,12.37,12.78,12.83,12.26,130023,163999746.0,4.57,2.49,0.31,1.44
2017-05-17,600074,退市保千,12.73,12.77,12.97,12.66,87126,111524155.0,2.43,-0.08,-0.01,0.97
2017-05-18,600074,退市保千,12.7,12.79,12.95,12.62,77745,99654168.0,2.58,0.16,0.02,0.86
2017-05-19,600074,退市保千,12.77,12.77,12.86,12.6,73802,93951120.0,2.03,-0.16,-0.02,0.82
2017-05-22,600074,退市保千,12.7,12.51,12.75,12.48,58537,73609226.0,2.11,-2.04,-0.26,0.65
2017-05-23,600074,退市保千,12.59,12.07,12.59,11.96,94060,115714677.0,5.04,-3.52,-0.44,1.04
2017-05-24,600074,退市保千,12.03,12.22,12.38,12.02,81181,98550517.0,2.98,1.24,0.15,0.9
2017-05-25,600074,退市保千,12.15,12.16,12.28,11.97,107609,130428593.0,2.54,-0.49,-0.06,1.19
2017-05-26,600074,退市保千,12.2,12.25,12.33,12.15,56517,69041455.0,1.48,0.74,0.09,0.63
2017-05-31,600074,退市保千,12.32,12.16,12.36,12.15,47024,57733849.0,1.71,-0.73,-0.09,0.52
2017-06-01,600074,退市保千,12.14,11.85,12.17,11.8,63883,76521416.0,3.04,-2.55,-0.31,0.71
2017-06-02,600074,退市保千,11.85,12.08,12.1,11.78,63908,76394100.0,2.7,1.94,0.23,0.71
2017-06-05,600074,退市保千,12.11,12.06,12.12,12.02,49615,59929095.0,0.83,-0.17,-0.02,0.55
2017-06-06,600074,退市保千,12.05,12.06,12.1,12.0,49258,59350642.0,0.83,0.0,0.0,0.55
2017-06-07,600074,退市保千,12.06,12.18,12.2,12.03,77500,94068118.0,1.41,1.0,0.12,0.86
2017-06-08,600074,退市保千,12.08,12.11,12.19,12.08,72067,87343736.0,0.9,-0.57,-0.07,0.8
2017-06-09,600074,退市保千,12.15,12.06,12.15,11.92,88866,106621029.0,1.9,-0.41,-0.05,0.99
2017-06-12,600074,退市保千,11.93,11.77,12.02,11.71,93116,110644455.0,2.57,-2.4,-0.29,1.03
2017-06-13,600074,退市保千,11.72,11.92,11.97,11.72,83708,99441891.0,2.12,1.27,0.15,0.93
2017-06-14,600074,退市保千,11.95,11.8,11.95,11.79,45516,53876554.0,1.34,-1.01,-0.12,0.5
2017-06-15,600074,退市保千,11.85,11.94,11.96,11.8,65000,77220515.0,1.36,1.19,0.14,0.72
2017-06-16,600074,退市保千,11.94,11.93,11.97,11.83,50014,59397707.0,1.17,-0.08,-0.01,0.55
2017-06-19,600074,退市保千,11.93,11.9,11.94,11.84,49087,58365273.0,0.84,-0.25,-0.03,0.54
2017-06-20,600074,退市保千,11.9,12.02,12.03,11.86,90884,108766822.0,1.43,1.01,0.12,1.01
2017-06-21,600074,退市保千,12.18,12.07,12.22,11.96,90785,109651600.0,2.16,0.42,0.05,1.01
2017-06-22,600074,退市保千,12.03,12.69,13.09,12.0,389494,491411824.0,9.03,5.14,0.62,4.32
2017-06-23,600074,退市保千,12.62,13.13,13.18,12.52,321787,414302624.0,5.2,3.47,0.44,3.57
2017-06-26,600074,退市保千,13.02,13.11,13.19,12.91,199634,260787347.0,2.13,-0.15,-0.02,2.21
2017-06-27,600074,退市保千,13.02,12.84,13.08,12.81,160311,206627760.0,2.06,-2.06,-0.27,1.78
2017-06-28,600074,退市保千,12.85,12.65,12.85,12.58,104828,132768590.0,2.1,-1.48,-0.19,1.16
2017-06-29,600074,退市保千,12.73,12.78,12.94,12.65,97185,124451386.0,2.29,1.03,0.13,1.08
2017-06-30,600074,退市保千,12.66,12.81,12.99,12.65,93526,120355841.0,2.66,0.23,0.03,1.03
2017-07-03,600074,退市保千,12.82,13.21,13.24,12.71,232942,303846000.0,4.14,3.12,0.4,2.57
2017-07-04,600074,退市保千,13.24,13.17,13.33,13.08,196345,259211626.0,1.89,-0.3,-0.04,2.17
2017-07-05,600074,退市保千,13.08,13.37,13.44,13.07,203545,270965952.0,2.81,1.52,0.2,2.25
2017-07-06,600074,退市保千,13.3,13.23,13.46,13.15,148571,197200780.0,2.32,-1.05,-0.14,1.64
2017-07-07,600074,退市保千,13.29,13.16,13.38,13.12,98519,129948269.0,1.97,-0.53,-0.07,1.09
2017-07-10,600074,退市保千,13.16,12.92,13.23,12.88,116324,151139377.0,2.66,-1.82,-0.24,1.28
2017-07-11,600074,退市保千,12.85,12.93,13.12,12.85,79252,102816101.0,2.09,0.08,0.01,0.88
2017-07-12,600074,退市保千,13.0,13.19,13.34,13.0,178657,235592397.0,2.63,2.01,0.26,1.97
2017-07-13,600074,退市保千,13.0,12.58,13.0,12.0,243941,305409792.0,7.58,-4.62,-0.61,2.69
2017-07-14,600074,退市保千,12.52,12.72,12.81,12.31,130774,164827261.0,3.97,1.11,0.14,1.44
2017-07-17,600074,退市保千,12.51,11.86,12.58,11.7,151498,183629221.0,6.92,-6.76,-0.86,1.67
2017-07-18,600074,退市保千,11.94,11.8,11.94,11.7,65053,76776141.0,2.02,-0.51,-0.06,0.72
2017-07-19,600074,退市保千,11.79,11.84,11.86,11.66,115437,135486807.0,1.69,0.34,0.04,1.27
2017-07-20,600074,退市保千,11.84,11.48,11.84,11.46,170188,198304699.0,3.21,-3.04,-0.36,1.9
2017-07-21,600074,退市保千,11.6,11.54,11.77,11.48,128485,148963041.0,2.53,0.52,0.06,1.43
2017-07-24,600074,退市保千,11.08,10.39,11.08,10.39,421340,441462640.0,5.98,-9.97,-1.15,4.69
2017-12-29,600074,退市保千,9.87,9.87,9.87,9.87,363,358281.0,0.0,-5.0,-0.52,0.0
2018-01-02,600074,退市保千,9.38,9.38,9.38,9.38,219,205422.0,0.0,-4.96,-0.49,0.0
2018-01-03,600074,退市保千,8.91,8.91,8.91,8.91,389,346599.0,0.0,-5.01,-0.47,0.0
2018-01-04,600074,退市保千,8.46,8.46,8.46,8.46,471,398466.0,0.0,-5.05,-0.45,0.0
2018-01-05,600074,退市保千,8.04,8.04,8.04,8.04,764,614256.0,0.0,-4.96,-0.42,0.01
2018-01-08,600074,退市保千,7.64,7.64,7.64,7.64,566,432424.0,0.0,-4.98,-0.4,0.01
2018-01-09,600074,退市保千,7.26,7.26,7.26,7.26,695,504570.0,0.0,-4.97,-0.38,0.01
2018-01-10,600074,退市保千,6.9,6.9,6.9,6.9,349,240810.0,0.0,-4.96,-0.36,0.0
2018-01-11,600074,退市保千,6.56,6.56,6.56,6.56,465,305040.0,0.0,-4.93,-0.34,0.0
2018-01-12,600074,退市保千,6.23,6.23,6.23,6.23,1260,784980.0,0.0,-5.03,-0.33,0.01
2018-01-15,600074,退市保千,5.92,5.92,5.92,5.92,752,445184.0,0.0,-4.98,-0.31,0.01
2018-01-16,600074,退市保千,5.62,5.62,5.62,5.62,3167,1779854.0,0.0,-5.07,-0.3,0.03
2018-01-17,600074,退市保千,5.34,5.34,5.34,5.34,723,386082.0,0.0,-4.98,-0.28,0.01
2018-01-18,600074,退市保千,5.07,5.07,5.07,5.07,6530,3310710.0,0.0,-5.06,-0.27,0.06
2018-01-19,600074,退市保千,4.82,4.82,4.82,4.82,6030,2906460.0,0.0,-4.93,-0.25,0.06
2018-01-22,600074,退市保千,4.58,4.58,4.58,4.58,3072,1406976.0,0.0,-4.98,-0.24,0.03
2018-01-23,600074,退市保千,4.35,4.35,4.35,4.35,4475,1946625.0,0.0,-5.02,-0.23,0.04
2018-01-24,600074,退市保千,4.13,4.13,4.13,4.13,6034,2492042.0,0.0,-5.06,-0.22,0.06
2018-01-25,600074,退市保千,3.92,3.92,3.92,3.92,120557,47258344.0,0.0,-5.08,-0.21,1.17
2018-01-26,600074,退市保千,3.72,3.72,3.72,3.72,250935,93347820.0,0.0,-5.1,-0.2,2.45
2018-01-29,600074,退市保千,3.53,3.53,3.53,3.53,84778,29926634.0,0.0,-5.11,-0.19,0.83
2018-01-30,600074,退市保千,3.35,3.35,3.35,3.35,31315,10490525.0,0.0,-5.1,-0.18,0.31
2018-01-31,600074,退市保千,3.18,3.18,3.18,3.18,19387,6165066.0,0.0,-5.07,-0.17,0.19
2018-02-01,600074,退市保千,3.02,3.02,3.02,3.02,22550,6810100.0,0.0,-5.03,-0.16,0.22
2018-02-02,600074,退市保千,2.87,2.87,2.87,2.87,21809,6259183.0,0.0,-4.97,-0.15,0.21
2018-02-05,600074,退市保千,2.73,2.73,2.73,2.73,7659,2090907.0,0.0,-4.88,-0.14,0.07
2018-02-06,600074,退市保千,2.59,2.59,2.59,2.59,9836,2547524.0,0.0,-5.13,-0.14,0.1
2018-02-07,600074,退市保千,2.46,2.46,2.46,2.46,10519,2587674.0,0.0,-5.02,-0.13,0.1
2018-02-08,600074,退市保千,2.34,2.58,2.58,2.34,2738163,657786368.0,9.76,4.88,0.12,26.69
2018-02-09,600074,退市保千,2.45,2.45,2.46,2.45,615983,150925691.0,0.39,-5.04,-0.13,6.0
2018-02-12,600074,退市保千,2.33,2.33,2.38,2.33,1443540,337294768.0,2.04,-4.9,-0.12,14.07
2018-02-13,600074,退市保千,2.31,2.21,2.35,2.21,984124,221850183.0,6.01,-5.15,-0.12,9.59
2018-02-14,600074,退市保千,2.14,2.13,2.23,2.1,898808,191646952.0,5.88,-3.62,-0.08,8.76
2018-02-22,600074,退市保千,2.14,2.24,2.24,2.12,866044,190428616.0,5.63,5.16,0.11,8.44
2018-02-23,600074,退市保千,2.22,2.28,2.34,2.21,1000555,227909810.0,5.8,1.79,0.04,9.75
2018-02-26,600074,退市保千,2.23,2.3,2.32,2.22,621371,141828778.0,4.39,0.88,0.02,6.06
2018-02-27,600074,退市保千,2.28,2.27,2.3,2.24,611525,138550758.0,2.61,-1.3,-0.03,5.96
2018-02-28,600074,退市保千,2.25,2.25,2.28,2.22,392225,88369884.0,2.64,-0.88,-0.02,3.82
2018-03-01,600074,退市保千,2.23,2.36,2.36,2.22,623244,145872880.0,6.22,4.89,0.11,6.07
2018-03-02,600074,退市保千,2.38,2.37,2.47,2.35,896325,214629981.0,5.08,0.42,0.01,8.74
2018-03-05,600074,退市保千,2.25,2.25,2.3,2.25,773217,174634561.0,2.11,-5.06,-0.12,7.54
2018-03-06,600074,退市保千,2.26,2.28,2.3,2.24,369655,84074648.0,2.67,1.33,0.03,3.6
2018-03-07,600074,退市保千,2.28,2.26,2.29,2.24,288763,65319225.0,2.19,-0.88,-0.02,2.81
2018-03-08,600074,退市保千,2.24,2.26,2.27,2.23,247982,55835071.0,1.77,0.0,0.0,2.42
2018-03-09,600074,退市保千,2.25,2.28,2.34,2.24,478225,109178008.0,4.42,0.88,0.02,4.66
2018-03-12,600074,退市保千,2.18,2.26,2.27,2.18,467043,104398018.0,3.95,-0.88,-0.02,4.55
2018-03-13,600074,退市保千,2.25,2.37,2.37,2.24,930676,217499296.0,5.75,4.87,0.11,9.07
2018-03-14,600074,退市保千,2.38,2.29,2.41,2.28,751862,175289035.0,5.49,-3.38,-0.08,7.33
2018-03-15,600074,退市保千,2.27,2.24,2.28,2.21,458913,102940398.0,3.06,-2.18,-0.05,4.47
2018-03-16,600074,退市保千,2.23,2.24,2.27,2.23,289106,64882431.0,1.79,0.0,0.0,2.82
2018-03-19,600074,退市保千,2.25,2.23,2.25,2.22,221850,49527816.0,1.34,-0.45,-0.01,2.16
2018-03-20,600074,退市保千,2.21,2.26,2.28,2.2,351263,78657496.0,3.59,1.35,0.03,3.42
2018-03-21,600074,退市保千,2.25,2.22,2.26,2.22,330298,74036530.0,1.77,-1.77,-0.04,3.22
2018-03-22,600074,退市保千,2.22,2.2,2.23,2.18,294250,64802874.0,2.25,-0.9,-0.02,2.87
2018-03-23,600074,退市保千,2.16,2.09,2.16,2.09,364595,76773752.0,3.18,-5.0,-0.11,3.55
2018-03-26,600074,退市保千,2.0,2.03,2.03,1.99,473435,94710677.0,1.91,-2.87,-0.06,4.61
2018-03-27,600074,退市保千,2.04,2.07,2.09,2.04,302457,62477618.0,2.46,1.97,0.04,2.95
2018-03-28,600074,退市保千,2.04,2.02,2.06,2.01,243051,49542014.0,2.42,-2.42,-0.05,2.37
2018-03-29,600074,退市保千,2.02,2.03,2.04,2.01,230778,46743427.0,1.49,0.5,0.01,2.25
2018-03-30,600074,退市保千,2.03,2.02,2.04,2.01,241567,48972900.0,1.48,-0.49,-0.01,2.35
2018-04-02,600074,退市保千,2.03,2.03,2.07,2.02,259558,52968623.0,2.48,0.5,0.01,2.53
2018-04-03,600074,退市保千,2.0,1.99,2.01,1.98,256947,51217254.0,1.48,-1.97,-0.04,2.5
2018-04-04,600074,退市保千,2.0,2.0,2.01,1.99,211330,42208956.0,1.01,0.5,0.01,2.06
2018-04-09,600074,退市保千,1.9,1.9,1.9,1.9,77399,14705810.0,0.0,-5.0,-0.1,0.75
2018-04-10,600074,退市保千,1.81,1.81,1.81,1.81,75195,13610295.0,0.0,-4.74,-0.09,0.73
2018-04-11,600074,退市保千,1.72,1.72,1.72,1.72,91478,15734216.0,0.0,-4.97,-0.09,0.89
2018-04-12,600074,退市保千,1.63,1.7,1.78,1.63,669983,113333515.0,8.72,-1.16,-0.02,6.53
2018-04-13,600074,退市保千,1.67,1.72,1.72,1.67,385099,65109982.0,2.94,1.18,0.02,3.75
2018-04-16,600074,退市保千,1.7,1.63,1.71,1.63,463391,76472457.0,4.65,-5.23,-0.09,4.52
2018-04-17,600074,退市保千,1.63,1.66,1.71,1.61,410780,68458728.0,6.13,1.84,0.03,4.0
2018-04-18,600074,退市保千,1.67,1.64,1.67,1.6,301680,48937122.0,4.22,-1.2,-0.02,2.94
2018-04-19,600074,退市保千,1.64,1.66,1.68,1.62,337030,55404721.0,3.66,1.22,0.02,3.28
2018-04-20,600074,退市保千,1.65,1.62,1.67,1.61,273034,44747342.0,3.61,-2.41,-0.04,2.66
2018-04-23,600074,退市保千,1.61,1.55,1.62,1.54,384669,59874991.0,4.94,-4.32,-0.07,3.75
2018-04-24,600074,退市保千,1.54,1.56,1.56,1.53,269196,41679758.0,1.94,0.65,0.01,2.62
2018-04-25,600074,退市保千,1.54,1.53,1.55,1.5,259293,39657490.0,3.21,-1.92,-0.03,2.53
2018-04-26,600074,退市保千,1.52,1.52,1.58,1.51,294204,45482979.0,4.58,-0.65,-0.01,2.87
2018-04-27,600074,退市保千,1.53,1.54,1.56,1.52,205855,31657263.0,2.63,1.32,0.02,2.01
2018-05-03,600074,退市保千,1.51,1.48,1.53,1.46,572864,84974463.0,4.55,-3.9,-0.06,5.58
2018-05-04,600074,退市保千,1.47,1.45,1.48,1.43,331865,48207059.0,3.38,-2.03,-0.03,3.23
2018-05-07,600074,退市保千,1.45,1.5,1.52,1.44,381039,56997398.0,5.52,3.45,0.05,3.71
2018-05-08,600074,退市保千,1.49,1.49,1.52,1.49,187953,28181303.0,2.0,-0.67,-0.01,1.83
2018-05-09,600074,退市保千,1.49,1.49,1.51,1.48,140956,21048238.0,2.01,0.0,0.0,1.37
2018-05-10,600074,退市保千,1.5,1.51,1.52,1.48,185279,27880109.0,2.68,1.34,0.02,1.81
2018-05-11,600074,退市保千,1.5,1.5,1.52,1.49,179690,27023912.0,1.99,-0.66,-0.01,1.75
2018-05-14,600074,退市保千,1.49,1.43,1.49,1.43,358482,51759747.0,4.0,-4.67,-0.07,3.49
2018-05-15,600074,退市保千,1.41,1.44,1.44,1.41,185776,26455749.0,2.1,0.7,0.01,1.81
2018-05-16,600074,退市保千,1.43,1.43,1.44,1.41,141360,20162033.0,2.08,-0.69,-0.01,1.38
2018-05-17,600074,退市保千,1.42,1.43,1.44,1.42,111206,15907645.0,1.4,0.0,0.0,1.08
2018-05-18,600074,退市保千,1.43,1.45,1.46,1.42,171996,24844987.0,2.8,1.4,0.02,1.68
2018-05-21,600074,退市保千,1.45,1.5,1.51,1.44,236344,35163250.0,4.83,3.45,0.05,2.3
2018-05-22,600074,退市保千,1.5,1.48,1.5,1.47,147828,21949160.0,2.0,-1.33,-0.02,1.44
2018-05-23,600074,退市保千,1.46,1.45,1.47,1.43,194250,28207901.0,2.7,-2.03,-0.03,1.89
2018-05-24,600074,退市保千,1.44,1.45,1.48,1.44,148191,21586308.0,2.76,0.0,0.0,1.44
2018-05-25,600074,退市保千,1.45,1.41,1.46,1.39,192407,27399765.0,4.83,-2.76,-0.04,1.88
2018-05-28,600074,退市保千,1.41,1.35,1.41,1.35,257482,35219082.0,4.26,-4.26,-0.06,2.51
2018-05-29,600074,退市保千,1.33,1.3,1.36,1.3,223109,29534877.0,4.44,-3.7,-0.05,2.17
2018-05-30,600074,退市保千,1.27,1.24,1.27,1.24,265456,33120211.0,2.31,-4.62,-0.06,2.59
2018-05-31,600074,退市保千,1.23,1.22,1.25,1.21,219968,26966224.0,3.23,-1.61,-0.02,2.14
2018-06-01,600074,退市保千,1.22,1.23,1.26,1.21,217198,26904789.0,4.1,0.82,0.01,2.12
2018-06-04,600074,退市保千,1.23,1.19,1.24,1.18,230850,27688064.0,4.88,-3.25,-0.04,2.25
2018-06-05,600074,退市保千,1.19,1.21,1.21,1.18,158736,18957480.0,2.52,1.68,0.02,1.55
2018-06-06,600074,退市保千,1.2,1.27,1.27,1.2,307731,38208695.0,5.79,4.96,0.06,3.0
2018-06-07,600074,退市保千,1.26,1.25,1.28,1.24,210825,26645354.0,3.15,-1.57,-0.02,2.05
2018-06-08,600074,退市保千,1.24,1.2,1.25,1.2,205251,24907049.0,4.0,-4.0,-0.05,2.0
2018-06-11,600074,退市保千,1.26,1.26,1.26,1.24,81029,10207762.0,1.67,5.0,0.06,0.79
2018-06-12,600074,退市保千,1.32,1.32,1.32,1.32,34543,4559676.0,0.0,4.76,0.06,0.34
2018-06-13,600074,退市保千,1.39,1.39,1.39,1.39,15618,2170902.0,0.0,5.3,0.07,0.15
2018-06-14,600074,退市保千,1.46,1.36,1.46,1.36,715230,101276543.0,7.19,-2.16,-0.03,6.97
2018-06-15,600074,退市保千,1.39,1.36,1.39,1.34,275852,37569503.0,3.68,0.0,0.0,2.69
2018-06-19,600074,退市保千,1.32,1.29,1.33,1.29,169905,22061665.0,2.94,-5.15,-0.07,1.66
2018-06-20,600074,退市保千,1.25,1.28,1.31,1.24,194618,24664379.0,5.43,-0.78,-0.01,1.9
2018-06-21,600074,退市保千,1.29,1.34,1.34,1.28,286551,38219738.0,4.69,4.69,0.06,2.79
2018-06-22,600074,退市保千,1.34,1.41,1.41,1.28,326626,44678089.0,9.7,5.22,0.07,3.18
2018-06-25,600074,退市保千,1.41,1.44,1.48,1.39,277163,39870767.0,6.38,2.13,0.03,2.7
2018-06-26,600074,退市保千,1.42,1.51,1.51,1.4,308543,45916979.0,7.64,4.86,0.07,3.01
2018-06-27,600074,退市保千,1.52,1.59,1.59,1.52,331193,52237035.0,4.64,5.3,0.08,3.23
2018-06-28,600074,退市保千,1.57,1.51,1.64,1.51,409074,63396701.0,8.18,-5.03,-0.08,3.99
2018-06-29,600074,退市保千,1.5,1.52,1.55,1.45,254826,38534417.0,6.62,0.66,0.01,2.48
2018-07-02,600074,退市保千,1.52,1.54,1.6,1.51,225538,35081512.0,5.92,1.32,0.02,2.2
2018-07-03,600074,退市保千,1.52,1.51,1.54,1.46,178899,26865236.0,5.19,-1.95,-0.03,1.74
2018-07-04,600074,退市保千,1.51,1.45,1.51,1.44,140736,20708967.0,4.64,-3.97,-0.06,1.37
2018-07-05,600074,退市保千,1.45,1.47,1.51,1.44,154109,22774642.0,4.83,1.38,0.02,1.5
2018-07-06,600074,退市保千,1.47,1.45,1.49,1.41,149101,21578176.0,5.44,-1.36,-0.02,1.45
2018-07-09,600074,退市保千,1.45,1.44,1.47,1.41,150235,21426271.0,4.14,-0.69,-0.01,1.46
2018-07-10,600074,退市保千,1.42,1.43,1.44,1.41,100027,14225006.0,2.08,-0.69,-0.01,0.97
2018-07-11,600074,退市保千,1.41,1.36,1.42,1.36,153409,21072743.0,4.2,-4.9,-0.07,1.5
2018-07-12,600074,退市保千,1.37,1.43,1.43,1.36,177585,25074013.0,5.15,5.15,0.07,1.73
2018-07-13,600074,退市保千,1.41,1.43,1.45,1.41,94273,13463930.0,2.8,0.0,0.0,0.92
2018-07-16,600074,退市保千,1.43,1.41,1.43,1.38,94774,13281519.0,3.5,-1.4,-0.02,0.92
2018-07-17,600074,退市保千,1.41,1.41,1.41,1.38,66678,9319181.0,2.13,0.0,0.0,0.65
2018-07-18,600074,退市保千,1.39,1.39,1.42,1.39,85973,12025724.0,2.13,-1.42,-0.02,0.84
2018-07-19,600074,退市保千,1.39,1.36,1.4,1.34,92894,12699045.0,4.32,-2.16,-0.03,0.91
2018-07-20,600074,退市保千,1.34,1.37,1.38,1.34,68378,9332568.0,2.94,0.74,0.01,0.67
2018-07-23,600074,退市保千,1.35,1.37,1.38,1.35,92641,12649048.0,2.19,0.0,0.0,0.9
2018-07-24,600074,退市保千,1.37,1.39,1.41,1.37,91197,12682312.0,2.92,1.46,0.02,0.89
2018-07-25,600074,退市保千,1.4,1.42,1.45,1.39,96588,13731025.0,4.32,2.16,0.03,0.94
2018-07-26,600074,退市保千,1.4,1.43,1.46,1.4,142831,20427501.0,4.23,0.7,0.01,1.39
2018-07-27,600074,退市保千,1.44,1.43,1.46,1.42,80500,11537005.0,2.8,0.0,0.0,0.78
2018-07-30,600074,退市保千,1.42,1.36,1.43,1.36,167588,22977663.0,4.9,-4.9,-0.07,1.63
2018-07-31,600074,退市保千,1.34,1.35,1.37,1.32,92783,12487125.0,3.68,-0.74,-0.01,0.9
2018-08-01,600074,退市保千,1.35,1.33,1.37,1.33,72701,9810602.0,2.96,-1.48,-0.02,0.71
2018-08-02,600074,退市保千,1.32,1.29,1.33,1.26,139206,17917163.0,5.26,-3.01,-0.04,1.36
2018-08-03,600074,退市保千,1.3,1.29,1.3,1.27,84693,10888206.0,2.33,0.0,0.0,0.83
2018-08-06,600074,退市保千,1.28,1.25,1.3,1.23,94160,11900493.0,5.43,-3.1,-0.04,0.92
2018-08-07,600074,退市保千,1.26,1.27,1.27,1.23,119845,14986728.0,3.2,1.6,0.02,1.17
2018-08-08,600074,退市保千,1.25,1.24,1.26,1.23,109679,13675897.0,2.36,-2.36,-0.03,1.07
2018-08-09,600074,退市保千,1.24,1.24,1.26,1.23,146022,18274504.0,2.42,0.0,0.0,1.42
2018-08-10,600074,退市保千,1.25,1.24,1.25,1.23,89217,11082960.0,1.61,0.0,0.0,0.87
2018-08-13,600074,退市保千,1.23,1.25,1.25,1.21,97029,11993215.0,3.23,0.81,0.01,0.95
2018-08-14,600074,退市保千,1.24,1.28,1.29,1.24,160935,20438964.0,4.0,2.4,0.03,1.57
2018-08-15,600074,退市保千,1.27,1.27,1.31,1.26,124171,15879214.0,3.91,-0.78,-0.01,1.21
2018-08-16,600074,退市保千,1.25,1.26,1.27,1.24,95091,11921015.0,2.36,-0.79,-0.01,0.93
2018-08-17,600074,退市保千,1.26,1.22,1.26,1.22,95278,11817168.0,3.17,-3.17,-0.04,0.93
2018-08-20,600074,退市保千,1.22,1.22,1.23,1.19,82324,9990473.0,3.28,0.0,0.0,0.8
2018-08-21,600074,退市保千,1.21,1.25,1.27,1.2,84919,10538568.0,5.74,2.46,0.03,0.83
2018-08-22,600074,退市保千,1.24,1.26,1.29,1.24,120964,15322462.0,4.0,0.8,0.01,1.18
2018-08-23,600074,退市保千,1.25,1.26,1.28,1.25,81012,10276058.0,2.38,0.0,0.0,0.79
2018-08-24,600074,退市保千,1.26,1.29,1.32,1.25,116698,15096206.0,5.56,2.38,0.03,1.14
2018-08-27,600074,退市保千,1.29,1.29,1.29,1.27,83481,10688560.0,1.55,0.0,0.0,0.81
2018-08-28,600074,退市保千,1.29,1.31,1.34,1.28,127393,16775280.0,4.65,1.55,0.02,1.24
2018-08-29,600074,退市保千,1.32,1.31,1.32,1.29,86682,11314984.0,2.29,0.0,0.0,0.84
2018-08-30,600074,退市保千,1.3,1.32,1.37,1.3,169520,22735555.0,5.34,0.76,0.01,1.65
2018-08-31,600074,退市保千,1.31,1.26,1.32,1.25,126975,16219179.0,5.3,-4.55,-0.06,1.24
2018-09-03,600074,退市保千,1.26,1.32,1.32,1.24,152609,19542464.0,6.35,4.76,0.06,1.49
2018-09-04,600074,退市保千,1.31,1.33,1.36,1.31,142426,19017133.0,3.79,0.76,0.01,1.39
2018-09-05,600074,退市保千,1.32,1.36,1.37,1.32,170450,23140893.0,3.76,2.26,0.03,1.66
2018-09-06,600074,退市保千,1.35,1.37,1.38,1.34,125683,17161703.0,2.94,0.74,0.01,1.22
2018-09-07,600074,退市保千,1.36,1.34,1.37,1.32,132123,17707437.0,3.65,-2.19,-0.03,1.29
2018-09-10,600074,退市保千,1.33,1.3,1.34,1.29,81779,10697366.0,3.73,-2.99,-0.04,0.8
2018-09-11,600074,退市保千,1.29,1.29,1.31,1.28,77168,9960393.0,2.31,-0.77,-0.01,0.75
2018-09-12,600074,退市保千,1.29,1.29,1.3,1.27,52589,6764471.0,2.33,0.0,0.0,0.51
2018-09-13,600074,退市保千,1.28,1.28,1.3,1.26,92124,11769973.0,3.1,-0.78,-0.01,0.9
2018-09-14,600074,退市保千,1.28,1.27,1.28,1.25,75588,9567568.0,2.34,-0.78,-0.01,0.74
2018-09-17,600074,退市保千,1.27,1.24,1.27,1.24,76047,9519207.0,2.36,-2.36,-0.03,0.74
2018-09-18,600074,退市保千,1.24,1.28,1.28,1.24,72801,9199305.0,3.23,3.23,0.04,0.71
2018-09-19,600074,退市保千,1.27,1.27,1.29,1.26,59376,7564059.0,2.34,-0.78,-0.01,0.58
2018-09-20,600074,退市保千,1.27,1.27,1.29,1.27,77788,9926411.0,1.57,0.0,0.0,0.76
2018-09-21,600074,退市保千,1.27,1.28,1.29,1.27,68913,8805037.0,1.57,0.79,0.01,0.67
2018-09-25,600074,退市保千,1.27,1.27,1.28,1.26,59387,7551366.0,1.56,-0.78,-0.01,0.58
2018-09-26,600074,退市保千,1.27,1.27,1.28,1.27,70905,9017359.0,0.79,0.0,0.0,0.69
2018-09-27,600074,退市保千,1.27,1.25,1.28,1.25,94404,11923936.0,2.36,-1.57,-0.02,0.92
2018-09-28,600074,退市保千,1.25,1.25,1.26,1.24,79787,9980405.0,1.6,0.0,0.0,0.78
2018-10-08,600074,退市保千,1.25,1.23,1.26,1.22,99754,12395733.0,3.2,-1.6,-0.02,0.97
2018-10-09,600074,退市保千,1.24,1.29,1.29,1.23,224024,28693338.0,4.88,4.88,0.06,2.18
2018-10-10,600074,退市保千,1.28,1.28,1.32,1.27,133097,17157249.0,3.88,-0.78,-0.01,1.3
2018-10-11,600074,退市保千,1.25,1.22,1.26,1.22,175812,21696552.0,3.13,-4.69,-0.06,1.71
2018-10-12,600074,退市保千,1.21,1.22,1.22,1.17,118377,14246269.0,4.1,0.0,0.0,1.15
2018-10-15,600074,退市保千,1.23,1.22,1.26,1.21,110209,13615072.0,4.1,0.0,0.0,1.07
2018-10-16,600074,退市保千,1.22,1.22,1.27,1.22,94314,11734767.0,4.1,0.0,0.0,0.92
2018-10-17,600074,退市保千,1.22,1.23,1.26,1.22,57794,7119890.0,3.28,0.82,0.01,0.56
2018-10-18,600074,退市保千,1.23,1.17,1.24,1.17,135937,16024111.0,5.69,-4.88,-0.06,1.32
2018-10-19,600074,退市保千,1.11,1.13,1.15,1.11,174380,19477252.0,3.42,-3.42,-0.04,1.7
2018-10-22,600074,退市保千,1.14,1.18,1.19,1.13,147191,17219367.0,5.31,4.42,0.05,1.43
2018-10-23,600074,退市保千,1.17,1.18,1.23,1.17,117324,14071352.0,5.08,0.0,0.0,1.14
2018-10-24,600074,退市保千,1.22,1.24,1.24,1.22,107210,13271124.0,1.69,5.08,0.06,1.04
2018-10-25,600074,退市保千,1.28,1.26,1.3,1.24,211206,26812882.0,4.84,1.61,0.02,2.06
2018-10-26,600074,退市保千,1.24,1.26,1.29,1.24,95884,12130084.0,3.97,0.0,0.0,0.93
2018-10-29,600074,退市保千,1.26,1.27,1.29,1.25,98606,12560349.0,3.17,0.79,0.01,0.96
2018-10-30,600074,退市保千,1.29,1.28,1.3,1.26,74740,9566961.0,3.15,0.79,0.01,0.73
2018-10-31,600074,退市保千,1.27,1.28,1.3,1.27,80940,10444220.0,2.34,0.0,0.0,0.79
2018-11-01,600074,退市保千,1.31,1.27,1.32,1.26,126912,16347693.0,4.69,-0.78,-0.01,1.24
2018-11-02,600074,退市保千,1.27,1.29,1.29,1.27,82422,10562951.0,1.57,1.57,0.02,0.8
2018-11-05,600074,退市保千,1.29,1.33,1.34,1.29,140374,18571494.0,3.88,3.1,0.04,1.37
2018-11-06,600074,退市保千,1.33,1.31,1.33,1.3,82237,10785604.0,2.26,-1.5,-0.02,0.8
2018-11-07,600074,退市保千,1.31,1.32,1.33,1.3,89078,11707509.0,2.29,0.76,0.01,0.87
2018-11-08,600074,退市保千,1.32,1.39,1.39,1.31,272682,37522498.0,6.06,5.3,0.07,2.66
2018-11-09,600074,退市保千,1.36,1.36,1.4,1.35,145685,20009373.0,3.6,-2.16,-0.03,1.42
2018-11-12,600074,退市保千,1.37,1.43,1.43,1.37,144959,20554590.0,4.41,5.15,0.07,1.41
2018-11-13,600074,退市保千,1.46,1.5,1.5,1.44,143157,21302506.0,4.2,4.9,0.07,1.4
2018-11-14,600074,退市保千,1.58,1.44,1.58,1.44,449612,68449176.0,9.33,-4.0,-0.06,4.38
2018-11-15,600074,退市保千,1.41,1.42,1.47,1.38,259240,36786175.0,6.25,-1.39,-0.02,2.53
2018-11-16,600074,退市保千,1.42,1.49,1.49,1.39,275449,40100846.0,7.04,4.93,0.07,2.68
2018-11-19,600074,退市保千,1.42,1.42,1.44,1.42,110335,15681831.0,1.34,-4.7,-0.07,1.08
2018-11-20,600074,退市保千,1.35,1.35,1.4,1.35,367588,49990396.0,3.52,-4.93,-0.07,3.58
2018-11-21,600074,退市保千,1.31,1.37,1.39,1.31,158443,21510692.0,5.93,1.48,0.02,1.54
2018-11-22,600074,退市保千,1.37,1.36,1.4,1.35,132791,18240989.0,3.65,-0.73,-0.01,1.29
2018-11-23,600074,退市保千,1.36,1.3,1.37,1.29,213232,27999167.0,5.88,-4.41,-0.06,2.08
2018-11-26,600074,退市保千,1.29,1.28,1.3,1.26,112508,14405469.0,3.08,-1.54,-0.02,1.1
2018-11-27,600074,退市保千,1.29,1.31,1.33,1.28,85290,11176028.0,3.91,2.34,0.03,0.83
2018-11-28,600074,退市保千,1.32,1.3,1.32,1.28,81996,10683299.0,3.05,-0.76,-0.01,0.8
2018-11-29,600074,退市保千,1.31,1.3,1.33,1.29,83116,10906909.0,3.08,0.0,0.0,0.81
2018-11-30,600074,退市保千,1.27,1.3,1.31,1.27,78032,10054994.0,3.08,0.0,0.0,0.76
2018-12-03,600074,退市保千,1.32,1.34,1.35,1.31,107508,14342664.0,3.08,3.08,0.04,1.05
2018-12-04,600074,退市保千,1.34,1.37,1.39,1.33,104621,14330318.0,4.48,2.24,0.03,1.02
2018-12-05,600074,退市保千,1.35,1.4,1.4,1.34,131452,17932184.0,4.38,2.19,0.03,1.28
2018-12-06,600074,退市保千,1.38,1.35,1.4,1.34,120263,16558539.0,4.29,-3.57,-0.05,1.17
2018-12-07,600074,退市保千,1.34,1.4,1.4,1.33,136597,18822032.0,5.19,3.7,0.05,1.33
2018-12-10,600074,退市保千,1.39,1.37,1.41,1.36,175266,24188902.0,3.57,-2.14,-0.03,1.71
2018-12-11,600074,退市保千,1.37,1.33,1.39,1.32,133517,18082901.0,5.11,-2.92,-0.04,1.3
2018-12-12,600074,退市保千,1.33,1.32,1.35,1.31,76731,10198654.0,3.01,-0.75,-0.01,0.75
2018-12-13,600074,退市保千,1.33,1.32,1.34,1.32,79228,10538903.0,1.52,0.0,0.0,0.77
2018-12-14,600074,退市保千,1.31,1.29,1.33,1.28,80656,10535195.0,3.79,-2.27,-0.03,0.79
2018-12-17,600074,退市保千,1.28,1.27,1.29,1.25,98500,12523208.0,3.1,-1.55,-0.02,0.96
2018-12-18,600074,退市保千,1.27,1.28,1.3,1.25,75553,9659685.0,3.94,0.79,0.01,0.74
2018-12-19,600074,退市保千,1.28,1.27,1.29,1.26,100436,12766678.0,2.34,-0.78,-0.01,0.98
2018-12-20,600074,退市保千,1.27,1.26,1.27,1.25,95087,11983714.0,1.57,-0.79,-0.01,0.93
2018-12-21,600074,退市保千,1.26,1.23,1.26,1.22,104420,12916453.0,3.17,-2.38,-0.03,1.02
2018-12-24,600074,退市保千,1.23,1.22,1.23,1.2,76225,9260445.0,2.44,-0.81,-0.01,0.74
2018-12-25,600074,退市保千,1.21,1.19,1.21,1.16,131341,15467313.0,4.1,-2.46,-0.03,1.28
2018-12-26,600074,退市保千,1.19,1.19,1.22,1.19,78234,9413788.0,2.52,0.0,0.0,0.76
2018-12-27,600074,退市保千,1.2,1.15,1.23,1.15,97324,11642892.0,6.72,-3.36,-0.04,0.95
2018-12-28,600074,退市保千,1.16,1.2,1.2,1.16,105123,12420522.0,3.48,4.35,0.05,1.02
2019-01-02,600074,退市保千,1.2,1.19,1.21,1.18,72550,8647059.0,2.5,-0.83,-0.01,0.71
2019-01-03,600074,退市保千,1.2,1.19,1.22,1.19,87143,10477648.0,2.52,0.0,0.0,0.85
2019-01-04,600074,退市保千,1.18,1.22,1.23,1.17,93855,11293629.0,5.04,2.52,0.03,0.91
2019-01-07,600074,退市保千,1.23,1.22,1.24,1.2,143571,17436207.0,3.28,0.0,0.0,1.4
2019-01-08,600074,退市保千,1.22,1.22,1.23,1.21,83093,10126503.0,1.64,0.0,0.0,0.81
2019-01-09,600074,退市保千,1.22,1.22,1.24,1.21,95258,11656663.0,2.46,0.0,0.0,0.93
2019-01-10,600074,退市保千,1.21,1.2,1.22,1.2,78767,9507442.0,1.64,-1.64,-0.02,0.77
2019-01-11,600074,退市保千,1.2,1.21,1.22,1.19,79301,9553750.0,2.5,0.83,0.01,0.77
2019-01-14,600074,退市保千,1.2,1.17,1.21,1.16,138160,16321563.0,4.13,-3.31,-0.04,1.35
2019-01-15,600074,退市保千,1.18,1.19,1.19,1.17,58297,6896508.0,1.71,1.71,0.02,0.57
2019-01-16,600074,退市保千,1.19,1.18,1.19,1.17,82686,9730846.0,1.68,-0.84,-0.01,0.81
2019-01-17,600074,退市保千,1.17,1.18,1.19,1.17,65371,7726489.0,1.69,0.0,0.0,0.64
2019-01-18,600074,退市保千,1.18,1.18,1.19,1.17,87699,10338392.0,1.69,0.0,0.0,0.85
2019-01-21,600074,退市保千,1.18,1.21,1.21,1.17,112076,13365051.0,3.39,2.54,0.03,1.09
2019-01-22,600074,退市保千,1.21,1.18,1.21,1.18,62984,7504172.0,2.48,-2.48,-0.03,0.61
2019-01-23,600074,退市保千,1.18,1.19,1.2,1.17,67831,8050443.0,2.54,0.85,0.01,0.66
2019-01-24,600074,退市保千,1.2,1.18,1.22,1.18,127145,15250485.0,3.36,-0.84,-0.01,1.24
2019-01-25,600074,退市保千,1.12,1.12,1.14,1.12,187599,21035083.0,1.69,-5.08,-0.06,1.83
2019-01-28,600074,退市保千,1.06,1.06,1.1,1.06,243779,26126902.0,3.57,-5.36,-0.06,2.38
2019-01-29,600074,退市保千,1.04,1.01,1.05,1.01,231346,23535356.0,3.77,-4.72,-0.05,2.25
2019-01-30,600074,退市保千,1.01,1.06,1.06,1.01,172380,18194154.0,4.95,4.95,0.05,1.68
2019-01-31,600074,退市保千,1.07,1.02,1.08,1.02,160682,16784499.0,5.66,-3.77,-0.04,1.57
2019-02-01,600074,退市保千,1.03,1.06,1.07,1.03,137679,14604906.0,3.92,3.92,0.04,1.34
2019-02-11,600074,退市保千,1.07,1.1,1.1,1.07,108231,11745255.0,2.83,3.77,0.04,1.05
2019-02-12,600074,退市保千,1.08,1.09,1.11,1.08,124551,13624771.0,2.73,-0.91,-0.01,1.21
2019-02-13,600074,退市保千,1.1,1.12,1.12,1.09,96169,10686157.0,2.75,2.75,0.03,0.94
2019-02-14,600074,退市保千,1.12,1.13,1.15,1.11,103523,11750195.0,3.57,0.89,0.01,1.01
2019-02-15,600074,退市保千,1.14,1.12,1.15,1.12,74634,8402466.0,2.65,-0.88,-0.01,0.73
2019-02-18,600074,退市保千,1.13,1.14,1.14,1.11,133141,15004355.0,2.68,1.79,0.02,1.3
2019-02-19,600074,退市保千,1.13,1.13,1.14,1.12,129003,14576867.0,1.75,-0.88,-0.01,1.26
2019-02-20,600074,退市保千,1.13,1.14,1.14,1.12,116161,13113845.0,1.77,0.88,0.01,1.13
2019-02-21,600074,退市保千,1.13,1.13,1.14,1.11,114062,12841852.0,2.63,-0.88,-0.01,1.11
2019-02-22,600074,退市保千,1.12,1.14,1.14,1.11,126948,14297779.0,2.65,0.88,0.01,1.24
2019-02-25,600074,退市保千,1.14,1.17,1.18,1.13,308284,35504171.0,4.39,2.63,0.03,3.0
2019-02-26,600074,退市保千,1.17,1.18,1.21,1.15,268426,31440709.0,5.13,0.85,0.01,2.62
2019-02-27,600074,退市保千,1.17,1.24,1.24,1.16,384346,47013563.0,6.78,5.08,0.06,3.75
2019-02-28,600074,退市保千,1.23,1.22,1.24,1.2,259684,31695843.0,3.23,-1.61,-0.02,2.53
2019-03-01,600074,退市保千,1.22,1.21,1.22,1.19,161848,19477163.0,2.46,-0.82,-0.01,1.58
2019-03-04,600074,退市保千,1.21,1.22,1.24,1.19,235350,28674538.0,4.13,0.83,0.01,2.29
2019-03-05,600074,退市保千,1.21,1.22,1.22,1.2,176181,21304345.0,1.64,0.0,0.0,1.72
2019-03-06,600074,退市保千,1.22,1.28,1.28,1.21,380651,47840528.0,5.74,4.92,0.06,3.71
2019-03-07,600074,退市保千,1.27,1.34,1.34,1.26,327137,43251071.0,6.25,4.69,0.06,3.19
2019-03-08,600074,退市保千,1.38,1.29,1.4,1.27,569507,76436842.0,9.7,-3.73,-0.05,5.55
2019-03-11,600074,退市保千,1.28,1.31,1.31,1.25,273577,35124157.0,4.65,1.55,0.02,2.67
2019-03-12,600074,退市保千,1.31,1.32,1.34,1.29,331207,43740863.0,3.82,0.76,0.01,3.23
2019-03-13,600074,退市保千,1.31,1.27,1.31,1.26,225552,29044585.0,3.79,-3.79,-0.05,2.2
2019-03-14,600074,退市保千,1.26,1.22,1.27,1.21,263212,32254620.0,4.72,-3.94,-0.05,2.57
2019-03-15,600074,退市保千,1.23,1.23,1.25,1.21,178980,22045879.0,3.28,0.82,0.01,1.74
2019-03-18,600074,退市保千,1.25,1.24,1.25,1.21,187764,23237287.0,3.25,0.81,0.01,1.83
2019-03-19,600074,退市保千,1.26,1.26,1.3,1.25,288644,36810654.0,4.03,1.61,0.02,2.81
2019-03-20,600074,退市保千,1.25,1.28,1.29,1.24,219668,27854829.0,3.97,1.59,0.02,2.14
2019-03-21,600074,退市保千,1.28,1.33,1.33,1.27,325586,42723474.0,4.69,3.91,0.05,3.17
2019-03-22,600074,退市保千,1.33,1.3,1.36,1.27,329790,43330651.0,6.77,-2.26,-0.03,3.21
2019-03-25,600074,退市保千,1.29,1.3,1.32,1.26,310661,40178433.0,4.62,0.0,0.0,3.03
2019-03-26,600074,退市保千,1.32,1.31,1.36,1.3,423599,56077816.0,4.62,0.77,0.01,4.13
2019-03-27,600074,退市保千,1.31,1.24,1.31,1.24,364728,45921924.0,5.34,-5.34,-0.07,3.55
2019-03-28,600074,退市保千,1.25,1.22,1.25,1.21,185488,22714713.0,3.23,-1.61,-0.02,1.81
2019-03-29,600074,退市保千,1.22,1.24,1.25,1.2,164834,20177808.0,4.1,1.64,0.02,1.61
2019-04-01,600074,退市保千,1.24,1.26,1.26,1.23,258548,32296285.0,2.42,1.61,0.02,2.52
2019-04-02,600074,退市保千,1.26,1.25,1.27,1.23,276754,34507993.0,3.17,-0.79,-0.01,2.7
2019-04-03,600074,退市保千,1.24,1.24,1.25,1.23,224339,27781711.0,1.6,-0.8,-0.01,2.19
2019-04-04,600074,退市保千,1.25,1.23,1.25,1.21,233611,28668337.0,3.23,-0.81,-0.01,2.28
2019-04-08,600074,退市保千,1.23,1.2,1.24,1.18,252165,30521141.0,4.88,-2.44,-0.03,2.46
2019-04-09,600074,退市保千,1.19,1.21,1.21,1.17,217742,25987982.0,3.33,0.83,0.01,2.12
2019-04-10,600074,退市保千,1.19,1.2,1.22,1.18,142871,17138807.0,3.31,-0.83,-0.01,1.39
2019-04-11,600074,退市保千,1.2,1.19,1.22,1.18,202641,24314760.0,3.33,-0.83,-0.01,1.97
2019-04-12,600074,退市保千,1.18,1.2,1.21,1.17,156331,18579979.0,3.36,0.84,0.01,1.52
2019-04-15,600074,退市保千,1.21,1.2,1.23,1.19,231551,28112395.0,3.33,0.0,0.0,2.26
2019-04-16,600074,退市保千,1.19,1.2,1.21,1.17,191149,22706354.0,3.33,0.0,0.0,1.86
2019-04-17,600074,退市保千,1.2,1.19,1.2,1.18,212780,25378538.0,1.67,-0.83,-0.01,2.07
2019-04-18,600074,退市保千,1.19,1.17,1.19,1.17,284735,33541939.0,1.68,-1.68,-0.02,2.78
2019-04-19,600074,退市保千,1.16,1.13,1.17,1.11,433374,49032321.0,5.13,-3.42,-0.04,4.22
2019-04-22,600074,退市保千,1.1,1.07,1.1,1.07,352217,37842964.0,2.65,-5.31,-0.06,3.43
2019-04-23,600074,退市保千,1.02,1.05,1.06,1.02,645510,66600039.0,3.74,-1.87,-0.02,6.29
2019-04-24,600074,退市保千,1.04,1.03,1.05,1.01,356537,36733880.0,3.81,-1.9,-0.02,3.47
2019-04-25,600074,退市保千,1.01,1.04,1.08,1.01,519122,54626779.0,6.8,0.97,0.01,5.06
2020-04-10,600074,退市保千,0.94,0.94,0.94,0.94,1832,172208.0,0.0,-9.62,-0.1,0.02
2020-04-13,600074,退市保千,0.85,0.85,0.85,0.85,162,13770.0,0.0,-9.57,-0.09,0.0
2020-04-14,600074,退市保千,0.77,0.77,0.77,0.77,320,24640.0,0.0,-9.41,-0.08,0.0
2020-04-15,600074,退市保千,0.69,0.69,0.69,0.69,591,40779.0,0.0,-10.39,-0.08,0.01
2020-04-16,600074,退市保千,0.62,0.62,0.62,0.62,1296,80352.0,0.0,-10.14,-0.07,0.01
2020-04-17,600074,退市保千,0.56,0.56,0.56,0.56,5453,305368.0,0.0,-9.68,-0.06,0.05
2020-04-20,600074,退市保千,0.5,0.5,0.5,0.5,1905,95250.0,0.0,-10.71,-0.06,0.02
2020-04-21,600074,退市保千,0.45,0.45,0.45,0.45,2711,121995.0,0.0,-10.0,-0.05,0.03
2020-04-22,600074,退市保千,0.41,0.41,0.41,0.41,5632,230912.0,0.0,-8.89,-0.04,0.05
2020-04-23,600074,退市保千,0.37,0.37,0.37,0.37,5776,213712.0,0.0,-9.76,-0.04,0.06
2020-04-24,600074,退市保千,0.33,0.33,0.33,0.33,7369,243177.0,0.0,-10.81,-0.04,0.07
2020-04-27,600074,退市保千,0.3,0.3,0.3,0.3,8750,262500.0,0.0,-9.09,-0.03,0.09
2020-04-28,600074,退市保千,0.27,0.27,0.27,0.27,20293,547911.0,0.0,-10.0,-0.03,0.2
2020-04-29,600074,退市保千,0.24,0.24,0.24,0.24,69766,1674384.0,0.0,-11.11,-0.03,0.68
2020-04-30,600074,退市保千,0.22,0.23,0.24,0.22,2266250,50155535.0,8.33,-4.17,-0.01,22.09
2020-05-06,600074,退市保千,0.22,0.21,0.23,0.21,635296,13993307.0,8.7,-8.7,-0.02,6.19
2020-05-07,600074,退市保千,0.22,0.22,0.23,0.21,465917,10155525.0,9.52,4.76,0.01,4.54
2020-05-08,600074,退市保千,0.22,0.22,0.22,0.21,265567,5731252.0,4.55,0.0,0.0,2.59
2020-05-11,600074,退市保千,0.22,0.21,0.22,0.21,314010,6657777.0,4.55,-4.55,-0.01,3.06
2020-05-12,600074,退市保千,0.21,0.21,0.22,0.2,500220,10504584.0,9.52,0.0,0.0,4.88
2020-05-13,600074,退市保千,0.21,0.21,0.22,0.21,163654,3468925.0,4.76,0.0,0.0,1.59
2020-05-14,600074,退市保千,0.21,0.21,0.22,0.21,181033,3838620.0,4.76,0.0,0.0,1.76
2020-05-15,600074,退市保千,0.21,0.2,0.21,0.2,273135,5540919.0,4.76,-4.76,-0.01,2.66
2020-05-18,600074,退市保千,0.2,0.19,0.2,0.19,244107,4707991.0,5.0,-5.0,-0.01,2.38
2020-05-19,600074,退市保千,0.19,0.18,0.19,0.17,509271,9281372.0,10.53,-5.26,-0.01,4.96
2020-05-20,600074,退市保千,0.18,0.17,0.18,0.16,492648,8426804.0,11.11,-5.56,-0.01,4.8
2020-05-21,600074,退市保千,0.17,0.19,0.19,0.16,811799,14682494.0,17.65,11.76,0.02,7.91
2020-05-22,600074,退市保千,0.19,0.19,0.2,0.18,384387,7312657.0,10.53,0.0,0.0,3.75
2020-05-25,600074,退市保千,0.19,0.18,0.2,0.17,400969,7459900.0,15.79,-5.26,-0.01,3.91
2020-05-26,600074,退市保千,0.18,0.17,0.19,0.17,519304,9166051.0,11.11,-5.56,-0.01,5.06
